id,label
TEST_0000.ogg,0.0491196
TEST_0001.ogg,0.32818064
TEST_0002.ogg,0.03181775
TEST_0003.ogg,0.04731523
TEST_0004.ogg,0.034776952
TEST_0005.ogg,0.2804953
TEST_0006.ogg,0.043774087
TEST_0007.ogg,0.02184532
TEST_0008.ogg,0.021693097
TEST_0009.ogg,0.0363108
TEST_0010.ogg,0.024403643
TEST_0011.ogg,0.028741127
TEST_0012.ogg,0.07877919
TEST_0013.ogg,0.014368445
TEST_0014.ogg,0.09384118
TEST_0015.ogg,0.031118317
TEST_0016.ogg,0.08852292
TEST_0017.ogg,0.16559885
TEST_0018.ogg,0.02142534
TEST_0019.ogg,0.047167365
TEST_0020.ogg,0.021778265
TEST_0021.ogg,0.04370931
TEST_0022.ogg,0.12256507
TEST_0023.ogg,0.16097644
TEST_0024.ogg,0.30107522
TEST_0025.ogg,0.11725695
TEST_0026.ogg,0.021932522
TEST_0027.ogg,0.02244209
TEST_0028.ogg,0.084436044
TEST_0029.ogg,0.062077228
TEST_0030.ogg,0.34129745
TEST_0031.ogg,0.018953307
TEST_0032.ogg,0.023125807
TEST_0033.ogg,0.08055366
TEST_0034.ogg,0.014973866
TEST_0035.ogg,0.019524712
TEST_0036.ogg,0.036210835
TEST_0037.ogg,0.011335996
TEST_0038.ogg,0.1271895
TEST_0039.ogg,0.03631547
TEST_0040.ogg,0.09071398
TEST_0041.ogg,0.0910264
TEST_0042.ogg,0.8023
TEST_0043.ogg,0.94027036
TEST_0044.ogg,0.014660768
TEST_0045.ogg,0.04324961
TEST_0046.ogg,0.11037294
TEST_0047.ogg,0.034465965
TEST_0048.ogg,0.10478518
TEST_0049.ogg,0.61035573
TEST_0050.ogg,0.08704219
TEST_0051.ogg,0.63103026
TEST_0052.ogg,0.039466146
TEST_0053.ogg,0.04113213
TEST_0054.ogg,0.07491783
TEST_0055.ogg,0.03502459
TEST_0056.ogg,0.018734071
TEST_0057.ogg,0.20458561
TEST_0058.ogg,0.012258619
TEST_0059.ogg,0.03346679
TEST_0060.ogg,0.05071979
TEST_0061.ogg,0.19551475
TEST_0062.ogg,0.99990654
TEST_0063.ogg,0.06496034
TEST_0064.ogg,0.031447787
TEST_0065.ogg,0.048887182
TEST_0066.ogg,0.012935222
TEST_0067.ogg,0.6889669
TEST_0068.ogg,0.062002625
TEST_0069.ogg,0.015327866
TEST_0070.ogg,0.23382634
TEST_0071.ogg,0.11630304
TEST_0072.ogg,0.65920764
TEST_0073.ogg,0.5966444
TEST_0074.ogg,0.071240574
TEST_0075.ogg,0.03228983
TEST_0076.ogg,0.07072835
TEST_0077.ogg,0.74676776
TEST_0078.ogg,0.9998851
TEST_0079.ogg,0.26602423
TEST_0080.ogg,0.03883986
TEST_0081.ogg,0.04332714
TEST_0082.ogg,0.043389183
TEST_0083.ogg,0.06935749
TEST_0084.ogg,0.042456497
TEST_0085.ogg,0.06169668
TEST_0086.ogg,0.004343992
TEST_0087.ogg,0.021092378
TEST_0088.ogg,0.01833589
TEST_0089.ogg,0.029419677
TEST_0090.ogg,0.079562716
TEST_0091.ogg,0.22185464
TEST_0092.ogg,0.028610941
TEST_0093.ogg,0.02501764
TEST_0094.ogg,0.016908985
TEST_0095.ogg,0.02773825
TEST_0096.ogg,0.5475621
TEST_0097.ogg,0.030058641
TEST_0098.ogg,0.019659732
TEST_0099.ogg,0.07512831
TEST_0100.ogg,0.028664602
TEST_0101.ogg,0.015342971
TEST_0102.ogg,0.039602388
TEST_0103.ogg,0.045138367
TEST_0104.ogg,0.056068618
TEST_0105.ogg,0.042891093
TEST_0106.ogg,0.99210346
TEST_0107.ogg,0.5257412
TEST_0108.ogg,0.11348123
TEST_0109.ogg,0.12975928
TEST_0110.ogg,0.080545105
TEST_0111.ogg,0.04274027
TEST_0112.ogg,0.07967517
TEST_0113.ogg,0.18766439
TEST_0114.ogg,0.99999857
TEST_0115.ogg,0.9592396
TEST_0116.ogg,0.27781937
TEST_0117.ogg,0.010695872
TEST_0118.ogg,0.061042424
TEST_0119.ogg,0.060855936
TEST_0120.ogg,0.056953717
TEST_0121.ogg,0.2200672
TEST_0122.ogg,0.9993467
TEST_0123.ogg,0.033571046
TEST_0124.ogg,0.027000036
TEST_0125.ogg,0.11841102
TEST_0126.ogg,0.1089155
TEST_0127.ogg,0.027614191
TEST_0128.ogg,0.25513175
TEST_0129.ogg,0.043404162
TEST_0130.ogg,0.06739475
TEST_0131.ogg,0.053506956
TEST_0132.ogg,0.068408504
TEST_0133.ogg,0.8009348
TEST_0134.ogg,0.56996346
TEST_0135.ogg,0.019174667
TEST_0136.ogg,0.050067656
TEST_0137.ogg,0.070629254
TEST_0138.ogg,0.051932126
TEST_0139.ogg,0.0414438
TEST_0140.ogg,0.015943358
TEST_0141.ogg,0.023353575
TEST_0142.ogg,0.99999917
TEST_0143.ogg,0.9999578
TEST_0144.ogg,0.19142054
TEST_0145.ogg,0.07135568
TEST_0146.ogg,0.102496594
TEST_0147.ogg,0.049887653
TEST_0148.ogg,0.05210429
TEST_0149.ogg,0.45026994
TEST_0150.ogg,0.04977255
TEST_0151.ogg,0.34760895
TEST_0152.ogg,0.050258137
TEST_0153.ogg,0.04339826
TEST_0154.ogg,0.2779846
TEST_0155.ogg,0.016903777
TEST_0156.ogg,0.13815802
TEST_0157.ogg,0.04292949
TEST_0158.ogg,0.07962172
TEST_0159.ogg,0.027884794
TEST_0160.ogg,0.03751129
TEST_0161.ogg,0.99678576
TEST_0162.ogg,0.15998675
TEST_0163.ogg,0.036867756
TEST_0164.ogg,0.073202014
TEST_0165.ogg,0.042869546
TEST_0166.ogg,0.25601107
TEST_0167.ogg,0.02817486
TEST_0168.ogg,0.029388506
TEST_0169.ogg,0.06387439
TEST_0170.ogg,0.06356052
TEST_0171.ogg,0.71149445
TEST_0172.ogg,0.049864117
TEST_0173.ogg,0.103411056
TEST_0174.ogg,0.048058536
TEST_0175.ogg,0.03250056
TEST_0176.ogg,0.073497005
TEST_0177.ogg,0.038692016
TEST_0178.ogg,0.34032682
TEST_0179.ogg,0.03700574
TEST_0180.ogg,0.065870866
TEST_0181.ogg,0.07041841
TEST_0182.ogg,0.04464919
TEST_0183.ogg,0.046080936
TEST_0184.ogg,0.041638255
TEST_0185.ogg,0.0711997
TEST_0186.ogg,0.022598306
TEST_0187.ogg,0.014593168
TEST_0188.ogg,0.047573783
TEST_0189.ogg,0.93034345
TEST_0190.ogg,0.029089479
TEST_0191.ogg,0.023547165
TEST_0192.ogg,0.0789164
TEST_0193.ogg,0.2917898
TEST_0194.ogg,0.09834902
TEST_0195.ogg,0.119900234
TEST_0196.ogg,0.058863856
TEST_0197.ogg,0.034077473
TEST_0198.ogg,0.15805903
TEST_0199.ogg,0.02833865
TEST_0200.ogg,0.06845206
TEST_0201.ogg,0.029003184
TEST_0202.ogg,0.03509062
TEST_0203.ogg,0.3363937
TEST_0204.ogg,0.11244124
TEST_0205.ogg,0.04263099
TEST_0206.ogg,0.12943843
TEST_0207.ogg,0.01609298
TEST_0208.ogg,0.040528804
TEST_0209.ogg,0.004610747
TEST_0210.ogg,0.056140687
TEST_0211.ogg,0.15716703
TEST_0212.ogg,0.9983565
TEST_0213.ogg,0.017905485
TEST_0214.ogg,0.2574681
TEST_0215.ogg,0.9999583
TEST_0216.ogg,0.030951587
TEST_0217.ogg,0.28744495
TEST_0218.ogg,0.03411935
TEST_0219.ogg,0.028396826
TEST_0220.ogg,0.047439866
TEST_0221.ogg,0.03494147
TEST_0222.ogg,0.04350366
TEST_0223.ogg,0.14155917
TEST_0224.ogg,0.9995504
TEST_0225.ogg,0.08832891
TEST_0226.ogg,0.056878664
TEST_0227.ogg,0.11167907
TEST_0228.ogg,0.03469625
TEST_0229.ogg,0.008484312
TEST_0230.ogg,0.047272794
TEST_0231.ogg,0.111432664
TEST_0232.ogg,0.033028327
TEST_0233.ogg,0.027555225
TEST_0234.ogg,0.06717357
TEST_0235.ogg,0.050411202
TEST_0236.ogg,0.8961685
TEST_0237.ogg,0.053496618
TEST_0238.ogg,0.7306774
TEST_0239.ogg,0.4108235
TEST_0240.ogg,0.8842895
TEST_0241.ogg,0.026074152
TEST_0242.ogg,0.32030347
TEST_0243.ogg,0.13456838
TEST_0244.ogg,0.09603865
TEST_0245.ogg,0.04586544
TEST_0246.ogg,0.9969087
TEST_0247.ogg,0.13238707
TEST_0248.ogg,0.16714342
TEST_0249.ogg,0.21445034
TEST_0250.ogg,0.7904457
TEST_0251.ogg,0.9895342
TEST_0252.ogg,0.048034407
TEST_0253.ogg,0.66373575
TEST_0254.ogg,0.17542428
TEST_0255.ogg,0.07036434
TEST_0256.ogg,0.2061314
TEST_0257.ogg,0.055364355
TEST_0258.ogg,0.99622715
TEST_0259.ogg,0.08599396
TEST_0260.ogg,0.08625133
TEST_0261.ogg,0.13448605
TEST_0262.ogg,0.975773
TEST_0263.ogg,0.08384098
TEST_0264.ogg,0.045257606
TEST_0265.ogg,0.040414006
TEST_0266.ogg,0.1473508
TEST_0267.ogg,0.14042017
TEST_0268.ogg,0.029719688
TEST_0269.ogg,0.050303243
TEST_0270.ogg,0.015842106
TEST_0271.ogg,0.99801886
TEST_0272.ogg,0.033833254
TEST_0273.ogg,0.037868973
TEST_0274.ogg,0.07558529
TEST_0275.ogg,0.021752939
TEST_0276.ogg,0.041648112
TEST_0277.ogg,0.17020541
TEST_0278.ogg,0.5272847
TEST_0279.ogg,0.105924666
TEST_0280.ogg,0.021516534
TEST_0281.ogg,0.17732947
TEST_0282.ogg,0.10501977
TEST_0283.ogg,0.03285748
TEST_0284.ogg,0.114187494
TEST_0285.ogg,0.07553786
TEST_0286.ogg,0.010181915
TEST_0287.ogg,0.2059627
TEST_0288.ogg,0.040848218
TEST_0289.ogg,0.02321432
TEST_0290.ogg,0.089180656
TEST_0291.ogg,0.3709954
TEST_0292.ogg,0.12943588
TEST_0293.ogg,0.11675944
TEST_0294.ogg,0.036135767
TEST_0295.ogg,0.0122871045
TEST_0296.ogg,0.026792131
TEST_0297.ogg,0.04918318
TEST_0298.ogg,0.07898681
TEST_0299.ogg,0.034359645
TEST_0300.ogg,0.093836725
TEST_0301.ogg,0.999419
TEST_0302.ogg,0.016580554
TEST_0303.ogg,0.003934538
TEST_0304.ogg,0.124759465
TEST_0305.ogg,0.034086138
TEST_0306.ogg,0.075370125
TEST_0307.ogg,0.9268455
TEST_0308.ogg,0.03613913
TEST_0309.ogg,0.079965636
TEST_0310.ogg,0.07250342
TEST_0311.ogg,0.082767494
TEST_0312.ogg,0.014029941
TEST_0313.ogg,0.78516155
TEST_0314.ogg,0.042453617
TEST_0315.ogg,0.011698294
TEST_0316.ogg,0.009692916
TEST_0317.ogg,0.029295309
TEST_0318.ogg,0.010402652
TEST_0319.ogg,0.633291
TEST_0320.ogg,0.20204036
TEST_0321.ogg,0.18083283
TEST_0322.ogg,0.033095513
TEST_0323.ogg,0.041733824
TEST_0324.ogg,0.007312114
TEST_0325.ogg,0.26246873
TEST_0326.ogg,0.009995766
TEST_0327.ogg,0.023505162
TEST_0328.ogg,0.067811854
TEST_0329.ogg,0.020556355
TEST_0330.ogg,0.037682157
TEST_0331.ogg,0.038425975
TEST_0332.ogg,0.13466033
TEST_0333.ogg,0.11320991
TEST_0334.ogg,0.048183504
TEST_0335.ogg,0.60263765
TEST_0336.ogg,0.06898727
TEST_0337.ogg,0.066128686
TEST_0338.ogg,0.07657939
TEST_0339.ogg,0.016048435
TEST_0340.ogg,0.030947937
TEST_0341.ogg,0.06357849
TEST_0342.ogg,0.021048693
TEST_0343.ogg,0.14386886
TEST_0344.ogg,0.20405076
TEST_0345.ogg,0.03372308
TEST_0346.ogg,0.006643305
TEST_0347.ogg,0.07927506
TEST_0348.ogg,0.057042204
TEST_0349.ogg,0.18772781
TEST_0350.ogg,0.041348353
TEST_0351.ogg,0.40058446
TEST_0352.ogg,0.02418627
TEST_0353.ogg,0.06800989
TEST_0354.ogg,0.054220196
TEST_0355.ogg,0.03902434
TEST_0356.ogg,0.28571334
TEST_0357.ogg,0.008449641
TEST_0358.ogg,0.03769327
TEST_0359.ogg,0.08868948
TEST_0360.ogg,0.052226443
TEST_0361.ogg,0.031507347
TEST_0362.ogg,0.9993718
TEST_0363.ogg,0.034853406
TEST_0364.ogg,0.17644061
TEST_0365.ogg,0.024799936
TEST_0366.ogg,0.01369774
TEST_0367.ogg,0.61072344
TEST_0368.ogg,0.027103668
TEST_0369.ogg,0.16601816
TEST_0370.ogg,0.09515226
TEST_0371.ogg,0.07660063
TEST_0372.ogg,0.08612717
TEST_0373.ogg,0.001020029
TEST_0374.ogg,0.07117741
TEST_0375.ogg,0.018800521
TEST_0376.ogg,0.025395583
TEST_0377.ogg,0.11934125
TEST_0378.ogg,0.61880714
TEST_0379.ogg,0.046422943
TEST_0380.ogg,0.03305239
TEST_0381.ogg,0.019760326
TEST_0382.ogg,0.019278076
TEST_0383.ogg,0.022734271
TEST_0384.ogg,0.040761944
TEST_0385.ogg,0.036450617
TEST_0386.ogg,0.009633775
TEST_0387.ogg,0.023155881
TEST_0388.ogg,0.26677677
TEST_0389.ogg,0.031044686
TEST_0390.ogg,0.061596867
TEST_0391.ogg,0.051940892
TEST_0392.ogg,0.8000164
TEST_0393.ogg,0.10823301
TEST_0394.ogg,0.05718046
TEST_0395.ogg,0.0279886
TEST_0396.ogg,0.02741945
TEST_0397.ogg,0.073576294
TEST_0398.ogg,0.026488468
TEST_0399.ogg,0.041619044
TEST_0400.ogg,0.06280215
TEST_0401.ogg,0.28455406
TEST_0402.ogg,0.9993222
TEST_0403.ogg,0.9990939
TEST_0404.ogg,0.07086163
TEST_0405.ogg,0.070059225
TEST_0406.ogg,0.007348615
TEST_0407.ogg,0.03522374
TEST_0408.ogg,0.2021276
TEST_0409.ogg,0.20527373
TEST_0410.ogg,0.17639998
TEST_0411.ogg,0.074608706
TEST_0412.ogg,0.54363525
TEST_0413.ogg,0.077313006
TEST_0414.ogg,0.119690984
TEST_0415.ogg,0.0035299554
TEST_0416.ogg,0.030778516
TEST_0417.ogg,0.11603071
TEST_0418.ogg,0.03793671
TEST_0419.ogg,0.06997927
TEST_0420.ogg,0.10036349
TEST_0421.ogg,0.093997285
TEST_0422.ogg,0.0445624
TEST_0423.ogg,0.03954135
TEST_0424.ogg,0.066693045
TEST_0425.ogg,0.20337069
TEST_0426.ogg,0.7243032
TEST_0427.ogg,0.034848675
TEST_0428.ogg,0.037389547
TEST_0429.ogg,0.1591989
TEST_0430.ogg,0.18954304
TEST_0431.ogg,0.007093681
TEST_0432.ogg,0.5778096
TEST_0433.ogg,0.053668126
TEST_0434.ogg,0.03286238
TEST_0435.ogg,0.012600786
TEST_0436.ogg,0.06790557
TEST_0437.ogg,0.044450004
TEST_0438.ogg,0.010451605
TEST_0439.ogg,0.03279374
TEST_0440.ogg,0.25394014
TEST_0441.ogg,0.026368259
TEST_0442.ogg,0.98398155
TEST_0443.ogg,0.024044968
TEST_0444.ogg,0.054177675
TEST_0445.ogg,0.06978931
TEST_0446.ogg,0.02623196
TEST_0447.ogg,0.02066434
TEST_0448.ogg,0.07058684
TEST_0449.ogg,0.023761215
TEST_0450.ogg,0.04147188
TEST_0451.ogg,0.10298601
TEST_0452.ogg,0.15212083
TEST_0453.ogg,0.1109497
TEST_0454.ogg,0.18353398
TEST_0455.ogg,0.06053361
TEST_0456.ogg,0.057442155
TEST_0457.ogg,0.01918024
TEST_0458.ogg,0.99996364
TEST_0459.ogg,0.14249347
TEST_0460.ogg,0.26892126
TEST_0461.ogg,0.039159082
TEST_0462.ogg,0.19750188
TEST_0463.ogg,0.030685412
TEST_0464.ogg,0.011251046
TEST_0465.ogg,0.2408185
TEST_0466.ogg,0.050800577
TEST_0467.ogg,0.025823215
TEST_0468.ogg,0.07465045
TEST_0469.ogg,0.007304178
TEST_0470.ogg,0.15458743
TEST_0471.ogg,0.043197215
TEST_0472.ogg,0.035314176
TEST_0473.ogg,0.05351967
TEST_0474.ogg,0.10958763
TEST_0475.ogg,0.18536352
TEST_0476.ogg,0.28594127
TEST_0477.ogg,0.031813413
TEST_0478.ogg,0.16161023
TEST_0479.ogg,0.044517465
TEST_0480.ogg,0.6808989
TEST_0481.ogg,0.020064719
TEST_0482.ogg,0.07795587
TEST_0483.ogg,0.09489762
TEST_0484.ogg,0.027851433
TEST_0485.ogg,0.14358741
TEST_0486.ogg,0.021360835
TEST_0487.ogg,0.04362573
TEST_0488.ogg,0.4219553
TEST_0489.ogg,0.02263455
TEST_0490.ogg,0.042796228
TEST_0491.ogg,0.015979623
TEST_0492.ogg,0.34075007
TEST_0493.ogg,0.23861463
TEST_0494.ogg,0.0191691
TEST_0495.ogg,0.020578558
TEST_0496.ogg,0.04034157
TEST_0497.ogg,0.13932806
TEST_0498.ogg,0.06326677
TEST_0499.ogg,0.21168959
TEST_0500.ogg,0.03065931
TEST_0501.ogg,0.029471196
TEST_0502.ogg,0.007832064
TEST_0503.ogg,0.08166431
TEST_0504.ogg,0.99652314
TEST_0505.ogg,0.036595903
TEST_0506.ogg,0.78407687
TEST_0507.ogg,0.15037934
TEST_0508.ogg,0.06883828
TEST_0509.ogg,0.069838546
TEST_0510.ogg,0.9997856
TEST_0511.ogg,0.099998325
TEST_0512.ogg,0.074114636
TEST_0513.ogg,0.021280289
TEST_0514.ogg,0.03194846
TEST_0515.ogg,0.057846323
TEST_0516.ogg,0.08428204
TEST_0517.ogg,0.1026978
TEST_0518.ogg,0.40361616
TEST_0519.ogg,0.017018884
TEST_0520.ogg,0.16653077
TEST_0521.ogg,0.19416368
TEST_0522.ogg,0.14022951
TEST_0523.ogg,0.025551658
TEST_0524.ogg,0.060192827
TEST_0525.ogg,0.9938538
TEST_0526.ogg,0.07948637
TEST_0527.ogg,0.03144443
TEST_0528.ogg,0.04805896
TEST_0529.ogg,0.029965272
TEST_0530.ogg,0.99954057
TEST_0531.ogg,0.042343903
TEST_0532.ogg,0.052836433
TEST_0533.ogg,0.20073323
TEST_0534.ogg,0.0383324
TEST_0535.ogg,0.26363575
TEST_0536.ogg,0.046174828
TEST_0537.ogg,0.056367453
TEST_0538.ogg,0.11118541
TEST_0539.ogg,0.48295134
TEST_0540.ogg,0.042347964
TEST_0541.ogg,0.118948445
TEST_0542.ogg,0.9999428
TEST_0543.ogg,0.13430983
TEST_0544.ogg,0.032885138
TEST_0545.ogg,0.047868624
TEST_0546.ogg,0.051859744
TEST_0547.ogg,0.06173391
TEST_0548.ogg,0.9055298
TEST_0549.ogg,0.11068777
TEST_0550.ogg,0.008520586
TEST_0551.ogg,0.06900863
TEST_0552.ogg,0.24327454
TEST_0553.ogg,0.5335486
TEST_0554.ogg,0.12049265
TEST_0555.ogg,0.072124906
TEST_0556.ogg,0.018222481
TEST_0557.ogg,0.033720717
TEST_0558.ogg,0.30710572
TEST_0559.ogg,0.07082757
TEST_0560.ogg,0.17745094
TEST_0561.ogg,0.047901854
TEST_0562.ogg,0.012604987
TEST_0563.ogg,0.015170323
TEST_0564.ogg,0.88694906
TEST_0565.ogg,0.9793636
TEST_0566.ogg,0.017924823
TEST_0567.ogg,0.130509
TEST_0568.ogg,0.040747162
TEST_0569.ogg,0.11954186
TEST_0570.ogg,0.05978658
TEST_0571.ogg,0.019773694
TEST_0572.ogg,0.026850553
TEST_0573.ogg,0.017762827
TEST_0574.ogg,0.31622648
TEST_0575.ogg,0.02206849
TEST_0576.ogg,0.75265163
TEST_0577.ogg,0.03153891
TEST_0578.ogg,0.09060585
TEST_0579.ogg,0.020209495
TEST_0580.ogg,0.036697403
TEST_0581.ogg,0.09935572
TEST_0582.ogg,0.056502584
TEST_0583.ogg,0.050293285
TEST_0584.ogg,0.013757097
TEST_0585.ogg,0.01753798
TEST_0586.ogg,0.18149424
TEST_0587.ogg,0.019468294
TEST_0588.ogg,0.09758966
TEST_0589.ogg,0.9904417
TEST_0590.ogg,0.061874755
TEST_0591.ogg,0.05237501
TEST_0592.ogg,0.020212332
TEST_0593.ogg,0.056950375
TEST_0594.ogg,0.09886407
TEST_0595.ogg,0.044726063
TEST_0596.ogg,0.22325157
TEST_0597.ogg,0.4648951
TEST_0598.ogg,0.0019043313
TEST_0599.ogg,0.024885882
TEST_0600.ogg,0.02133637
TEST_0601.ogg,0.048280593
TEST_0602.ogg,0.055633154
TEST_0603.ogg,0.07789646
TEST_0604.ogg,0.3725141
TEST_0605.ogg,0.1330481
TEST_0606.ogg,0.08041184
TEST_0607.ogg,0.020789346
TEST_0608.ogg,0.04889522
TEST_0609.ogg,0.046971973
TEST_0610.ogg,0.030755145
TEST_0611.ogg,0.08983849
TEST_0612.ogg,0.018635057
TEST_0613.ogg,0.06430664
TEST_0614.ogg,0.03211832
TEST_0615.ogg,0.11735159
TEST_0616.ogg,0.08133604
TEST_0617.ogg,0.014586862
TEST_0618.ogg,0.048257522
TEST_0619.ogg,0.15544762
TEST_0620.ogg,0.026817568
TEST_0621.ogg,0.04806554
TEST_0622.ogg,0.36388463
TEST_0623.ogg,0.019411378
TEST_0624.ogg,0.02622623
TEST_0625.ogg,0.9916425
TEST_0626.ogg,0.044686813
TEST_0627.ogg,0.008575871
TEST_0628.ogg,0.049385723
TEST_0629.ogg,0.08065927
TEST_0630.ogg,0.040089644
TEST_0631.ogg,0.04571599
TEST_0632.ogg,0.021319762
TEST_0633.ogg,0.056098554
TEST_0634.ogg,0.548711
TEST_0635.ogg,0.0130957635
TEST_0636.ogg,0.050245482
TEST_0637.ogg,0.068447135
TEST_0638.ogg,0.14343399
TEST_0639.ogg,0.080379225
TEST_0640.ogg,0.024608547
TEST_0641.ogg,0.8602215
TEST_0642.ogg,0.053653803
TEST_0643.ogg,0.01862962
TEST_0644.ogg,0.0747024
TEST_0645.ogg,0.017694106
TEST_0646.ogg,0.026194008
TEST_0647.ogg,0.073502526
TEST_0648.ogg,0.010055681
TEST_0649.ogg,0.08189205
TEST_0650.ogg,0.058068436
TEST_0651.ogg,0.024334684
TEST_0652.ogg,0.16305186
TEST_0653.ogg,0.02264755
TEST_0654.ogg,0.021923758
TEST_0655.ogg,0.16031872
TEST_0656.ogg,0.57901984
TEST_0657.ogg,0.019862307
TEST_0658.ogg,0.008048504
TEST_0659.ogg,0.047054294
TEST_0660.ogg,0.031483464
TEST_0661.ogg,0.011188598
TEST_0662.ogg,0.13917717
TEST_0663.ogg,0.44550514
TEST_0664.ogg,0.021226726
TEST_0665.ogg,0.6366979
TEST_0666.ogg,0.08513423
TEST_0667.ogg,0.049313363
TEST_0668.ogg,0.73898727
TEST_0669.ogg,0.22678857
TEST_0670.ogg,0.030020762
TEST_0671.ogg,0.008983191
TEST_0672.ogg,0.14414696
TEST_0673.ogg,0.27586576
TEST_0674.ogg,0.016332427
TEST_0675.ogg,0.028075574
TEST_0676.ogg,0.03040575
TEST_0677.ogg,0.5034719
TEST_0678.ogg,0.033427272
TEST_0679.ogg,0.048315153
TEST_0680.ogg,0.052606322
TEST_0681.ogg,0.015324361
TEST_0682.ogg,0.077703245
TEST_0683.ogg,0.13808295
TEST_0684.ogg,0.03731086
TEST_0685.ogg,0.086326115
TEST_0686.ogg,0.099324144
TEST_0687.ogg,0.12697016
TEST_0688.ogg,0.04531199
TEST_0689.ogg,0.08253511
TEST_0690.ogg,0.02179178
TEST_0691.ogg,0.002853759
TEST_0692.ogg,0.015132647
TEST_0693.ogg,0.03746165
TEST_0694.ogg,0.99725395
TEST_0695.ogg,0.047438975
TEST_0696.ogg,0.066385955
TEST_0697.ogg,0.9992022
TEST_0698.ogg,0.37604648
TEST_0699.ogg,0.9999373
TEST_0700.ogg,0.024210177
TEST_0701.ogg,0.06734413
TEST_0702.ogg,0.08331743
TEST_0703.ogg,0.044621017
TEST_0704.ogg,0.24790886
TEST_0705.ogg,0.029706977
TEST_0706.ogg,0.08662948
TEST_0707.ogg,0.03143117
TEST_0708.ogg,0.10499976
TEST_0709.ogg,0.07062546
TEST_0710.ogg,0.015312586
TEST_0711.ogg,0.85549825
TEST_0712.ogg,0.04049824
TEST_0713.ogg,0.08234776
TEST_0714.ogg,0.06488583
TEST_0715.ogg,0.9996892
TEST_0716.ogg,0.98523074
TEST_0717.ogg,0.12479515
TEST_0718.ogg,0.99925786
TEST_0719.ogg,0.26962367
TEST_0720.ogg,0.14374247
TEST_0721.ogg,0.49200496
TEST_0722.ogg,0.26048285
TEST_0723.ogg,0.048807263
TEST_0724.ogg,0.075388946
TEST_0725.ogg,0.11668312
TEST_0726.ogg,0.99539006
TEST_0727.ogg,0.08563536
TEST_0728.ogg,0.17163113
TEST_0729.ogg,0.012480246
TEST_0730.ogg,0.028334605
TEST_0731.ogg,0.086223714
TEST_0732.ogg,0.99644285
TEST_0733.ogg,0.03276099
TEST_0734.ogg,0.09946691
TEST_0735.ogg,0.066614665
TEST_0736.ogg,0.29065645
TEST_0737.ogg,0.018830081
TEST_0738.ogg,0.022705205
TEST_0739.ogg,0.08012129
TEST_0740.ogg,0.10961742
TEST_0741.ogg,0.09890113
TEST_0742.ogg,0.018126693
TEST_0743.ogg,0.02084507
TEST_0744.ogg,0.025004132
TEST_0745.ogg,0.02512958
TEST_0746.ogg,0.1409735
TEST_0747.ogg,0.02489261
TEST_0748.ogg,0.47317174
TEST_0749.ogg,0.05906379
TEST_0750.ogg,0.04157152
TEST_0751.ogg,0.07569486
TEST_0752.ogg,0.10651075
TEST_0753.ogg,0.09397904
TEST_0754.ogg,0.010698926
TEST_0755.ogg,0.036041882
TEST_0756.ogg,0.03854749
TEST_0757.ogg,0.07683397
TEST_0758.ogg,0.11011154
TEST_0759.ogg,0.051774256
TEST_0760.ogg,0.033401202
TEST_0761.ogg,0.034737688
TEST_0762.ogg,0.06205685
TEST_0763.ogg,0.022692557
TEST_0764.ogg,0.2070471
TEST_0765.ogg,0.9374349
TEST_0766.ogg,0.9947773
TEST_0767.ogg,0.14821619
TEST_0768.ogg,0.0521517
TEST_0769.ogg,0.026319806
TEST_0770.ogg,0.030058611
TEST_0771.ogg,0.041409507
TEST_0772.ogg,0.039429538
TEST_0773.ogg,0.99551105
TEST_0774.ogg,0.043183945
TEST_0775.ogg,0.9924746
TEST_0776.ogg,0.10197027
TEST_0777.ogg,0.83925986
TEST_0778.ogg,0.7622879
TEST_0779.ogg,0.23408939
TEST_0780.ogg,0.99959713
TEST_0781.ogg,0.9929923
TEST_0782.ogg,0.72405785
TEST_0783.ogg,0.03478094
TEST_0784.ogg,0.027011393
TEST_0785.ogg,0.09837048
TEST_0786.ogg,0.04237554
TEST_0787.ogg,0.047564227
TEST_0788.ogg,0.3988767
TEST_0789.ogg,0.010301409
TEST_0790.ogg,0.012020164
TEST_0791.ogg,0.018698283
TEST_0792.ogg,0.10269109
TEST_0793.ogg,0.078956984
TEST_0794.ogg,0.039255515
TEST_0795.ogg,0.14642598
TEST_0796.ogg,0.05812541
TEST_0797.ogg,0.29279235
TEST_0798.ogg,0.12230377
TEST_0799.ogg,0.029498063
TEST_0800.ogg,0.013414313
TEST_0801.ogg,0.028460197
TEST_0802.ogg,0.41396385
TEST_0803.ogg,0.0875808
TEST_0804.ogg,0.9971222
TEST_0805.ogg,0.30541864
TEST_0806.ogg,0.047947634
TEST_0807.ogg,0.07720388
TEST_0808.ogg,0.9993155
TEST_0809.ogg,0.055473287
TEST_0810.ogg,0.07339781
TEST_0811.ogg,0.041080613
TEST_0812.ogg,0.060634267
TEST_0813.ogg,0.10277812
TEST_0814.ogg,0.17227843
TEST_0815.ogg,0.06439021
TEST_0816.ogg,0.014837783
TEST_0817.ogg,0.9833836
TEST_0818.ogg,0.9993135
TEST_0819.ogg,0.14035374
TEST_0820.ogg,0.03733152
TEST_0821.ogg,0.33867493
TEST_0822.ogg,0.053252608
TEST_0823.ogg,0.40085873
TEST_0824.ogg,0.9998827
TEST_0825.ogg,0.99355114
TEST_0826.ogg,0.04096995
TEST_0827.ogg,0.038836904
TEST_0828.ogg,0.20361395
TEST_0829.ogg,0.057941537
TEST_0830.ogg,0.06495435
TEST_0831.ogg,0.038536843
TEST_0832.ogg,0.04224396
TEST_0833.ogg,0.0011873856
TEST_0834.ogg,0.023301978
TEST_0835.ogg,0.99698216
TEST_0836.ogg,0.15177165
TEST_0837.ogg,0.060117986
TEST_0838.ogg,0.01769709
TEST_0839.ogg,0.23752199
TEST_0840.ogg,0.07348473
TEST_0841.ogg,0.058450524
TEST_0842.ogg,0.040732767
TEST_0843.ogg,0.76059186
TEST_0844.ogg,0.05141079
TEST_0845.ogg,0.02046121
TEST_0846.ogg,0.12268862
TEST_0847.ogg,0.45315203
TEST_0848.ogg,0.68097144
TEST_0849.ogg,0.033428993
TEST_0850.ogg,0.074525364
TEST_0851.ogg,0.017552206
TEST_0852.ogg,0.09410434
TEST_0853.ogg,0.026955789
TEST_0854.ogg,0.8908166
TEST_0855.ogg,0.011257334
TEST_0856.ogg,0.05148571
TEST_0857.ogg,0.0013936284
TEST_0858.ogg,0.11107586
TEST_0859.ogg,0.2807572
TEST_0860.ogg,0.07294871
TEST_0861.ogg,0.09255347
TEST_0862.ogg,0.12199741
TEST_0863.ogg,0.059206214
TEST_0864.ogg,0.99804735
TEST_0865.ogg,0.033575963
TEST_0866.ogg,0.77330446
TEST_0867.ogg,0.08648524
TEST_0868.ogg,0.082649946
TEST_0869.ogg,0.050539464
TEST_0870.ogg,0.98065954
TEST_0871.ogg,0.012052569
TEST_0872.ogg,0.032000367
TEST_0873.ogg,0.23295301
TEST_0874.ogg,0.022373337
TEST_0875.ogg,0.01680936
TEST_0876.ogg,0.054842472
TEST_0877.ogg,0.20844047
TEST_0878.ogg,0.05530885
TEST_0879.ogg,0.04911248
TEST_0880.ogg,0.07287922
TEST_0881.ogg,0.013152941
TEST_0882.ogg,0.98992974
TEST_0883.ogg,0.028984709
TEST_0884.ogg,0.5548911
TEST_0885.ogg,0.11589016
TEST_0886.ogg,0.16274698
TEST_0887.ogg,0.06448476
TEST_0888.ogg,0.06441939
TEST_0889.ogg,0.029406434
TEST_0890.ogg,0.22802606
TEST_0891.ogg,0.14229627
TEST_0892.ogg,0.2628799
TEST_0893.ogg,0.08673832
TEST_0894.ogg,0.041803468
TEST_0895.ogg,0.058980826
TEST_0896.ogg,0.9969367
TEST_0897.ogg,0.14610165
TEST_0898.ogg,0.046333224
TEST_0899.ogg,0.05717724
TEST_0900.ogg,0.1066723
TEST_0901.ogg,0.9999993
TEST_0902.ogg,0.08463088
TEST_0903.ogg,0.075836934
TEST_0904.ogg,0.017762769
TEST_0905.ogg,0.07891049
TEST_0906.ogg,0.031382732
TEST_0907.ogg,0.02710439
TEST_0908.ogg,0.103602774
TEST_0909.ogg,0.45447636
TEST_0910.ogg,0.022031905
TEST_0911.ogg,0.22387646
TEST_0912.ogg,0.08790545
TEST_0913.ogg,0.16221139
TEST_0914.ogg,0.12125628
TEST_0915.ogg,0.061558
TEST_0916.ogg,0.03541418
TEST_0917.ogg,0.035153296
TEST_0918.ogg,0.040932044
TEST_0919.ogg,0.13595062
TEST_0920.ogg,0.029225573
TEST_0921.ogg,0.0625291
TEST_0922.ogg,0.57672775
TEST_0923.ogg,0.11273584
TEST_0924.ogg,0.01732349
TEST_0925.ogg,0.612675
TEST_0926.ogg,0.015734045
TEST_0927.ogg,0.028585108
TEST_0928.ogg,0.051548373
TEST_0929.ogg,0.10901582
TEST_0930.ogg,0.026260177
TEST_0931.ogg,0.061840963
TEST_0932.ogg,0.075003244
TEST_0933.ogg,0.02017063
TEST_0934.ogg,0.021842856
TEST_0935.ogg,0.12235503
TEST_0936.ogg,0.033802245
TEST_0937.ogg,0.020081272
TEST_0938.ogg,0.24946755
TEST_0939.ogg,0.040902395
TEST_0940.ogg,0.023289667
TEST_0941.ogg,0.8715837
TEST_0942.ogg,0.01844927
TEST_0943.ogg,0.99999714
TEST_0944.ogg,0.00947968
TEST_0945.ogg,0.95984715
TEST_0946.ogg,0.18785565
TEST_0947.ogg,0.08394
TEST_0948.ogg,0.26146707
TEST_0949.ogg,0.016051974
TEST_0950.ogg,0.044279534
TEST_0951.ogg,0.02020535
TEST_0952.ogg,0.017989408
TEST_0953.ogg,0.13566853
TEST_0954.ogg,0.06627028
TEST_0955.ogg,0.111244336
TEST_0956.ogg,0.04321624
TEST_0957.ogg,0.069758065
TEST_0958.ogg,0.2669943
TEST_0959.ogg,0.043378755
TEST_0960.ogg,0.047689542
TEST_0961.ogg,0.07763893
TEST_0962.ogg,0.034328666
TEST_0963.ogg,0.03531699
TEST_0964.ogg,0.97354996
TEST_0965.ogg,0.16267738
TEST_0966.ogg,0.38989848
TEST_0967.ogg,0.07463477
TEST_0968.ogg,0.040933467
TEST_0969.ogg,0.05971705
TEST_0970.ogg,0.026076093
TEST_0971.ogg,0.99979156
TEST_0972.ogg,0.050114527
TEST_0973.ogg,0.08562528
TEST_0974.ogg,0.049788963
TEST_0975.ogg,0.028125325
TEST_0976.ogg,0.9976676
TEST_0977.ogg,0.091803186
TEST_0978.ogg,0.15698196
TEST_0979.ogg,0.032156125
TEST_0980.ogg,0.107784964
TEST_0981.ogg,0.09850906
TEST_0982.ogg,0.06252912
TEST_0983.ogg,0.08937291
TEST_0984.ogg,0.013926383
TEST_0985.ogg,0.085645184
TEST_0986.ogg,0.3733585
TEST_0987.ogg,0.021210812
TEST_0988.ogg,0.29653108
TEST_0989.ogg,0.2835284
TEST_0990.ogg,0.29935113
TEST_0991.ogg,0.07945326
TEST_0992.ogg,0.10644038
TEST_0993.ogg,0.046468258
TEST_0994.ogg,0.038859792
TEST_0995.ogg,0.055662297
TEST_0996.ogg,0.056774016
TEST_0997.ogg,0.023279585
TEST_0998.ogg,0.018444564
TEST_0999.ogg,0.10713199
TEST_1000.ogg,0.7445988
TEST_1001.ogg,0.96167123
TEST_1002.ogg,0.14751281
TEST_1003.ogg,0.040131565
TEST_1004.ogg,0.08630291
TEST_1005.ogg,0.03214849
TEST_1006.ogg,0.053058095
TEST_1007.ogg,0.12988456
TEST_1008.ogg,0.99937326
TEST_1009.ogg,0.028962374
TEST_1010.ogg,0.025126705
TEST_1011.ogg,0.08691028
TEST_1012.ogg,0.022452077
TEST_1013.ogg,0.05892386
TEST_1014.ogg,0.039011057
TEST_1015.ogg,0.1113073
TEST_1016.ogg,0.052245498
TEST_1017.ogg,0.030160004
TEST_1018.ogg,0.022183752
TEST_1019.ogg,0.03656147
TEST_1020.ogg,0.035043072
TEST_1021.ogg,0.050263222
TEST_1022.ogg,0.03255864
TEST_1023.ogg,0.031529214
TEST_1024.ogg,0.023142667
TEST_1025.ogg,0.021937171
TEST_1026.ogg,0.01406179
TEST_1027.ogg,0.039330907
TEST_1028.ogg,0.05604767
TEST_1029.ogg,0.8818254
TEST_1030.ogg,0.0039052593
TEST_1031.ogg,0.03785731
TEST_1032.ogg,0.04963123
TEST_1033.ogg,0.06267611
TEST_1034.ogg,0.124325775
TEST_1035.ogg,0.004124624
TEST_1036.ogg,0.052177902
TEST_1037.ogg,0.16138545
TEST_1038.ogg,0.08026051
TEST_1039.ogg,0.09314093
TEST_1040.ogg,0.016740832
TEST_1041.ogg,0.057950947
TEST_1042.ogg,0.044028085
TEST_1043.ogg,0.06629632
TEST_1044.ogg,0.045847967
TEST_1045.ogg,0.042123303
TEST_1046.ogg,0.5396394
TEST_1047.ogg,0.019475752
TEST_1048.ogg,0.02693714
TEST_1049.ogg,0.022933623
TEST_1050.ogg,0.9985354
TEST_1051.ogg,0.018576454
TEST_1052.ogg,0.10551694
TEST_1053.ogg,0.06191565
TEST_1054.ogg,0.028953796
TEST_1055.ogg,0.5400934
TEST_1056.ogg,0.1183026
TEST_1057.ogg,0.009203037
TEST_1058.ogg,0.1267589
TEST_1059.ogg,0.65263027
TEST_1060.ogg,0.12199015
TEST_1061.ogg,0.09659997
TEST_1062.ogg,0.08783309
TEST_1063.ogg,0.4130827
TEST_1064.ogg,0.9971687
TEST_1065.ogg,0.058637228
TEST_1066.ogg,0.67321503
TEST_1067.ogg,0.017527925
TEST_1068.ogg,0.037280813
TEST_1069.ogg,0.043973446
TEST_1070.ogg,0.51174015
TEST_1071.ogg,0.10868372
TEST_1072.ogg,0.056585282
TEST_1073.ogg,0.3547534
TEST_1074.ogg,0.259782
TEST_1075.ogg,0.8937886
TEST_1076.ogg,0.19630061
TEST_1077.ogg,0.16473593
TEST_1078.ogg,0.9980458
TEST_1079.ogg,0.052836318
TEST_1080.ogg,0.10930375
TEST_1081.ogg,0.04642327
TEST_1082.ogg,0.65305686
TEST_1083.ogg,0.029530209
TEST_1084.ogg,0.21128866
TEST_1085.ogg,0.045590684
TEST_1086.ogg,0.06795919
TEST_1087.ogg,0.06022569
TEST_1088.ogg,0.023852639
TEST_1089.ogg,0.043476224
TEST_1090.ogg,0.031157674
TEST_1091.ogg,0.045291625
TEST_1092.ogg,0.072762735
TEST_1093.ogg,0.04949093
TEST_1094.ogg,0.6655291
TEST_1095.ogg,0.06407637
TEST_1096.ogg,0.020798083
TEST_1097.ogg,0.01889427
TEST_1098.ogg,0.019180281
TEST_1099.ogg,0.044766556
TEST_1100.ogg,0.02443338
TEST_1101.ogg,0.30020344
TEST_1102.ogg,0.0452068
TEST_1103.ogg,0.029640283
TEST_1104.ogg,0.010527775
TEST_1105.ogg,0.48484164
TEST_1106.ogg,0.1577924
TEST_1107.ogg,0.046323404
TEST_1108.ogg,0.39542592
TEST_1109.ogg,0.092408136
TEST_1110.ogg,0.1380039
TEST_1111.ogg,0.99834514
TEST_1112.ogg,0.031244814
TEST_1113.ogg,0.027429573
TEST_1114.ogg,0.6010175
TEST_1115.ogg,0.0641267
TEST_1116.ogg,0.22037487
TEST_1117.ogg,0.085967444
TEST_1118.ogg,0.0493613
TEST_1119.ogg,0.025309157
TEST_1120.ogg,0.083329506
TEST_1121.ogg,0.07754823
TEST_1122.ogg,0.041477263
TEST_1123.ogg,0.074360535
TEST_1124.ogg,0.057070665
TEST_1125.ogg,0.8794967
TEST_1126.ogg,0.5996127
TEST_1127.ogg,0.0531215
TEST_1128.ogg,0.19715868
TEST_1129.ogg,0.28212005
TEST_1130.ogg,0.076350786
TEST_1131.ogg,0.10525392
TEST_1132.ogg,0.039522495
TEST_1133.ogg,0.105712175
TEST_1134.ogg,0.15702383
TEST_1135.ogg,0.16193
TEST_1136.ogg,0.1316384
TEST_1137.ogg,0.01039932
TEST_1138.ogg,0.29245326
TEST_1139.ogg,0.044708844
TEST_1140.ogg,0.06499717
TEST_1141.ogg,0.025718277
TEST_1142.ogg,0.23618948
TEST_1143.ogg,0.029074848
TEST_1144.ogg,0.039492134
TEST_1145.ogg,0.018229188
TEST_1146.ogg,0.023043983
TEST_1147.ogg,0.018663483
TEST_1148.ogg,0.025967184
TEST_1149.ogg,0.015101609
TEST_1150.ogg,0.043141164
TEST_1151.ogg,0.022628613
TEST_1152.ogg,0.9956949
TEST_1153.ogg,0.21275882
TEST_1154.ogg,0.014782587
TEST_1155.ogg,0.3388405
TEST_1156.ogg,0.021445725
TEST_1157.ogg,0.13340302
TEST_1158.ogg,0.045121033
TEST_1159.ogg,0.08278467
TEST_1160.ogg,0.046036914
TEST_1161.ogg,0.98278034
TEST_1162.ogg,0.05224395
TEST_1163.ogg,0.024949266
TEST_1164.ogg,0.10746693
TEST_1165.ogg,0.018270025
TEST_1166.ogg,0.025792507
TEST_1167.ogg,0.026356403
TEST_1168.ogg,0.027522417
TEST_1169.ogg,0.04747966
TEST_1170.ogg,0.07239619
TEST_1171.ogg,0.06465842
TEST_1172.ogg,0.033767715
TEST_1173.ogg,0.10076107
TEST_1174.ogg,0.03284724
TEST_1175.ogg,0.9470338
TEST_1176.ogg,0.08929326
TEST_1177.ogg,0.040785536
TEST_1178.ogg,0.037741553
TEST_1179.ogg,0.023699528
TEST_1180.ogg,0.038368694
TEST_1181.ogg,0.8705059
TEST_1182.ogg,0.11837346
TEST_1183.ogg,0.083939135
TEST_1184.ogg,0.029320693
TEST_1185.ogg,0.92235565
TEST_1186.ogg,0.03372446
TEST_1187.ogg,0.070172176
TEST_1188.ogg,0.012877766
TEST_1189.ogg,0.02662661
TEST_1190.ogg,0.080245905
TEST_1191.ogg,0.07405548
TEST_1192.ogg,0.07140051
TEST_1193.ogg,0.01222239
TEST_1194.ogg,0.027531432
TEST_1195.ogg,0.19476976
TEST_1196.ogg,0.016813545
TEST_1197.ogg,0.008678689
TEST_1198.ogg,0.50140315
TEST_1199.ogg,0.05699549
TEST_1200.ogg,0.023421291
TEST_1201.ogg,0.20543501
TEST_1202.ogg,0.95170015
TEST_1203.ogg,0.998069
TEST_1204.ogg,0.029156491
TEST_1205.ogg,0.11627187
TEST_1206.ogg,0.04448741
TEST_1207.ogg,0.9949846
TEST_1208.ogg,0.03486758
TEST_1209.ogg,0.043068204
TEST_1210.ogg,0.39718202
TEST_1211.ogg,0.5261203
TEST_1212.ogg,0.09187695
TEST_1213.ogg,0.016952991
TEST_1214.ogg,0.11291372
TEST_1215.ogg,0.29831922
TEST_1216.ogg,0.09132637
TEST_1217.ogg,0.01015861
TEST_1218.ogg,0.027422871
TEST_1219.ogg,0.031471346
TEST_1220.ogg,0.6195781
TEST_1221.ogg,0.11564241
TEST_1222.ogg,0.9935727
TEST_1223.ogg,0.054829273
TEST_1224.ogg,0.028613955
TEST_1225.ogg,0.072716564
TEST_1226.ogg,0.287097
TEST_1227.ogg,0.026420146
TEST_1228.ogg,0.06624455
TEST_1229.ogg,0.8903223
TEST_1230.ogg,0.60874206
TEST_1231.ogg,0.072790585
TEST_1232.ogg,0.7795776
TEST_1233.ogg,0.024469666
TEST_1234.ogg,0.9932064
TEST_1235.ogg,0.9990194
TEST_1236.ogg,0.041190445
TEST_1237.ogg,0.4765896
TEST_1238.ogg,0.0127835125
TEST_1239.ogg,0.014801518
TEST_1240.ogg,0.08128878
TEST_1241.ogg,0.023035685
TEST_1242.ogg,0.10079585
TEST_1243.ogg,0.10021319
TEST_1244.ogg,0.03923483
TEST_1245.ogg,0.862111
TEST_1246.ogg,0.29260105
TEST_1247.ogg,0.039961375
TEST_1248.ogg,0.012155774
TEST_1249.ogg,0.08441421
TEST_1250.ogg,0.13691153
TEST_1251.ogg,0.98515356
TEST_1252.ogg,0.13273859
TEST_1253.ogg,0.034192163
TEST_1254.ogg,8.179779e-08
TEST_1255.ogg,0.01866269
TEST_1256.ogg,0.017702395
TEST_1257.ogg,0.014769059
TEST_1258.ogg,0.30122867
TEST_1259.ogg,0.052367933
TEST_1260.ogg,0.13432212
TEST_1261.ogg,0.025530757
TEST_1262.ogg,0.024511164
TEST_1263.ogg,0.08727724
TEST_1264.ogg,0.016750365
TEST_1265.ogg,0.02033068
TEST_1266.ogg,0.0072391895
TEST_1267.ogg,0.23247468
TEST_1268.ogg,0.049879134
TEST_1269.ogg,0.057396114
TEST_1270.ogg,0.03282146
TEST_1271.ogg,0.060325686
TEST_1272.ogg,0.9814386
TEST_1273.ogg,0.9999503
TEST_1274.ogg,0.95814145
TEST_1275.ogg,0.030074267
TEST_1276.ogg,0.1315078
TEST_1277.ogg,0.0590873
TEST_1278.ogg,0.061866336
TEST_1279.ogg,0.99947006
TEST_1280.ogg,0.04665077
TEST_1281.ogg,0.08066885
TEST_1282.ogg,0.7050092
TEST_1283.ogg,0.47139606
TEST_1284.ogg,0.49414206
TEST_1285.ogg,0.015383583
TEST_1286.ogg,0.12511292
TEST_1287.ogg,0.8734405
TEST_1288.ogg,0.9543205
TEST_1289.ogg,0.07685557
TEST_1290.ogg,0.027501928
TEST_1291.ogg,0.9473673
TEST_1292.ogg,0.10104775
TEST_1293.ogg,0.65383536
TEST_1294.ogg,0.107228324
TEST_1295.ogg,0.029973764
TEST_1296.ogg,0.8766202
TEST_1297.ogg,0.115967825
TEST_1298.ogg,0.06283805
TEST_1299.ogg,0.14254008
TEST_1300.ogg,0.12088098
TEST_1301.ogg,0.021681327
TEST_1302.ogg,0.08298885
TEST_1303.ogg,0.057623822
TEST_1304.ogg,0.01718166
TEST_1305.ogg,0.120310776
TEST_1306.ogg,0.07560245
TEST_1307.ogg,0.09266442
TEST_1308.ogg,0.02559918
TEST_1309.ogg,0.034624703
TEST_1310.ogg,0.017678829
TEST_1311.ogg,0.039250396
TEST_1312.ogg,0.952137
TEST_1313.ogg,0.06368074
TEST_1314.ogg,0.09195036
TEST_1315.ogg,0.043329634
TEST_1316.ogg,0.15280746
TEST_1317.ogg,0.0402072
TEST_1318.ogg,0.079787835
TEST_1319.ogg,0.012377394
TEST_1320.ogg,0.028110666
TEST_1321.ogg,0.06494832
TEST_1322.ogg,0.08753375
TEST_1323.ogg,0.016726036
TEST_1324.ogg,0.6314149
TEST_1325.ogg,0.09587553
TEST_1326.ogg,0.076006666
TEST_1327.ogg,0.13488731
TEST_1328.ogg,0.056470264
TEST_1329.ogg,0.013025639
TEST_1330.ogg,0.03189454
TEST_1331.ogg,0.03654702
TEST_1332.ogg,0.086320445
TEST_1333.ogg,0.29994422
TEST_1334.ogg,0.03858544
TEST_1335.ogg,0.38927007
TEST_1336.ogg,0.033613686
TEST_1337.ogg,0.06966761
TEST_1338.ogg,0.9999088
TEST_1339.ogg,0.024998002
TEST_1340.ogg,0.041088756
TEST_1341.ogg,0.9965528
TEST_1342.ogg,0.07985997
TEST_1343.ogg,0.98112786
TEST_1344.ogg,0.21827216
TEST_1345.ogg,0.0791693
TEST_1346.ogg,0.16815902
TEST_1347.ogg,0.030148845
TEST_1348.ogg,0.071303576
TEST_1349.ogg,0.10401085
TEST_1350.ogg,0.10475741
TEST_1351.ogg,0.09510517
TEST_1352.ogg,0.014145768
TEST_1353.ogg,0.037629496
TEST_1354.ogg,0.01662183
TEST_1355.ogg,0.9527358
TEST_1356.ogg,0.035682432
TEST_1357.ogg,0.027123109
TEST_1358.ogg,0.00590038
TEST_1359.ogg,0.6882724
TEST_1360.ogg,0.040568348
TEST_1361.ogg,0.033105686
TEST_1362.ogg,0.9572757
TEST_1363.ogg,0.038496945
TEST_1364.ogg,0.02017
TEST_1365.ogg,0.010900461
TEST_1366.ogg,0.01706587
TEST_1367.ogg,0.020053074
TEST_1368.ogg,0.03511968
TEST_1369.ogg,0.04241807
TEST_1370.ogg,0.06722539
TEST_1371.ogg,0.043312397
TEST_1372.ogg,0.080535494
TEST_1373.ogg,0.03189793
TEST_1374.ogg,0.10644135
TEST_1375.ogg,0.05559018
TEST_1376.ogg,0.049175695
TEST_1377.ogg,0.042170886
TEST_1378.ogg,0.07157494
TEST_1379.ogg,0.08071438
TEST_1380.ogg,0.029651029
TEST_1381.ogg,0.032227233
TEST_1382.ogg,0.09584574
TEST_1383.ogg,0.053707004
TEST_1384.ogg,0.0568588
TEST_1385.ogg,0.597828
TEST_1386.ogg,0.8201947
TEST_1387.ogg,0.3571926
TEST_1388.ogg,0.9971781
TEST_1389.ogg,0.091647595
TEST_1390.ogg,0.024435425
TEST_1391.ogg,0.014085695
TEST_1392.ogg,0.022984318
TEST_1393.ogg,0.060020037
TEST_1394.ogg,0.01197357
TEST_1395.ogg,0.0604281
TEST_1396.ogg,0.1127921
TEST_1397.ogg,0.033389624
TEST_1398.ogg,0.03520536
TEST_1399.ogg,0.13511644
TEST_1400.ogg,0.99973196
TEST_1401.ogg,0.08817108
TEST_1402.ogg,0.928156
TEST_1403.ogg,0.55061907
TEST_1404.ogg,0.01785124
TEST_1405.ogg,0.058721434
TEST_1406.ogg,0.069178104
TEST_1407.ogg,0.056905437
TEST_1408.ogg,0.9816048
TEST_1409.ogg,0.073443055
TEST_1410.ogg,0.037472434
TEST_1411.ogg,0.014543805
TEST_1412.ogg,0.2308176
TEST_1413.ogg,0.11924593
TEST_1414.ogg,0.024339717
TEST_1415.ogg,0.05156972
TEST_1416.ogg,0.978874
TEST_1417.ogg,0.0070598763
TEST_1418.ogg,0.16259044
TEST_1419.ogg,0.07060785
TEST_1420.ogg,0.012426008
TEST_1421.ogg,0.08236672
TEST_1422.ogg,0.03852803
TEST_1423.ogg,0.0073658423
TEST_1424.ogg,0.054733004
TEST_1425.ogg,0.02009968
TEST_1426.ogg,0.07218559
TEST_1427.ogg,0.060178302
TEST_1428.ogg,0.10445824
TEST_1429.ogg,0.019439157
TEST_1430.ogg,0.07105467
TEST_1431.ogg,0.21056373
TEST_1432.ogg,0.026004516
TEST_1433.ogg,0.1486438
TEST_1434.ogg,0.10184086
TEST_1435.ogg,0.11519488
TEST_1436.ogg,0.00780223
TEST_1437.ogg,0.046699416
TEST_1438.ogg,0.87176144
TEST_1439.ogg,0.99199545
TEST_1440.ogg,0.019884964
TEST_1441.ogg,0.04088429
TEST_1442.ogg,0.05004998
TEST_1443.ogg,0.46493658
TEST_1444.ogg,0.017245678
TEST_1445.ogg,0.20625389
TEST_1446.ogg,0.014725107
TEST_1447.ogg,0.999913
TEST_1448.ogg,0.15993857
TEST_1449.ogg,0.2956147
TEST_1450.ogg,0.020673523
TEST_1451.ogg,0.14774494
TEST_1452.ogg,0.10592936
TEST_1453.ogg,0.0421368
TEST_1454.ogg,0.07598628
TEST_1455.ogg,0.074550755
TEST_1456.ogg,0.0453134
TEST_1457.ogg,0.0444611
TEST_1458.ogg,0.09649269
TEST_1459.ogg,0.010445989
TEST_1460.ogg,0.06935494
TEST_1461.ogg,0.0751595
TEST_1462.ogg,0.13337785
TEST_1463.ogg,0.053828344
TEST_1464.ogg,0.019386932
TEST_1465.ogg,0.09405568
TEST_1466.ogg,0.062380083
TEST_1467.ogg,0.027008599
TEST_1468.ogg,0.043888956
TEST_1469.ogg,0.029065799
TEST_1470.ogg,0.008873048
TEST_1471.ogg,0.16894245
TEST_1472.ogg,0.37844858
TEST_1473.ogg,0.027561806
TEST_1474.ogg,0.16558468
TEST_1475.ogg,0.10594611
TEST_1476.ogg,0.04712358
TEST_1477.ogg,0.24725306
TEST_1478.ogg,0.79968685
TEST_1479.ogg,0.05147127
TEST_1480.ogg,0.06585919
TEST_1481.ogg,0.17193562
TEST_1482.ogg,0.038361877
TEST_1483.ogg,0.998992
TEST_1484.ogg,0.09344881
TEST_1485.ogg,0.07867737
TEST_1486.ogg,0.13687791
TEST_1487.ogg,0.03282755
TEST_1488.ogg,0.08728373
TEST_1489.ogg,0.44714433
TEST_1490.ogg,0.99856585
TEST_1491.ogg,0.05512307
TEST_1492.ogg,0.35529882
TEST_1493.ogg,0.1559729
TEST_1494.ogg,0.05055691
TEST_1495.ogg,0.21123306
TEST_1496.ogg,0.07593224
TEST_1497.ogg,0.35046476
TEST_1498.ogg,0.023371028
TEST_1499.ogg,0.03965055
TEST_1500.ogg,0.08325956
TEST_1501.ogg,0.019908462
TEST_1502.ogg,0.04112111
TEST_1503.ogg,0.021447392
TEST_1504.ogg,0.032748125
TEST_1505.ogg,0.01744273
TEST_1506.ogg,0.12143658
TEST_1507.ogg,0.09287269
TEST_1508.ogg,0.06147985
TEST_1509.ogg,0.03341455
TEST_1510.ogg,0.1821716
TEST_1511.ogg,0.017243715
TEST_1512.ogg,0.8888205
TEST_1513.ogg,0.2548339
TEST_1514.ogg,0.023759
TEST_1515.ogg,0.049719937
TEST_1516.ogg,0.047151115
TEST_1517.ogg,0.047695596
TEST_1518.ogg,0.022865254
TEST_1519.ogg,0.36026135
TEST_1520.ogg,0.013273325
TEST_1521.ogg,0.15094766
TEST_1522.ogg,0.01640224
TEST_1523.ogg,0.18219058
TEST_1524.ogg,0.22221152
TEST_1525.ogg,0.07851721
TEST_1526.ogg,0.31638893
TEST_1527.ogg,0.07297527
TEST_1528.ogg,0.9980805
TEST_1529.ogg,0.026140463
TEST_1530.ogg,0.011085608
TEST_1531.ogg,0.04875441
TEST_1532.ogg,0.2262112
TEST_1533.ogg,0.039040573
TEST_1534.ogg,0.09030031
TEST_1535.ogg,0.015258943
TEST_1536.ogg,0.005321501
TEST_1537.ogg,0.07723527
TEST_1538.ogg,0.029892888
TEST_1539.ogg,0.03269466
TEST_1540.ogg,0.060124606
TEST_1541.ogg,0.0758143
TEST_1542.ogg,0.10822252
TEST_1543.ogg,0.11990701
TEST_1544.ogg,0.06321958
TEST_1545.ogg,0.09671254
TEST_1546.ogg,0.9991861
TEST_1547.ogg,0.069170475
TEST_1548.ogg,0.13362269
TEST_1549.ogg,0.088129096
TEST_1550.ogg,0.053251326
TEST_1551.ogg,0.07043265
TEST_1552.ogg,0.06573831
TEST_1553.ogg,0.0021248914
TEST_1554.ogg,0.019325154
TEST_1555.ogg,0.0080898525
TEST_1556.ogg,0.032343682
TEST_1557.ogg,0.134185
TEST_1558.ogg,0.028683228
TEST_1559.ogg,0.07987595
TEST_1560.ogg,0.14033946
TEST_1561.ogg,0.061802175
TEST_1562.ogg,0.10928484
TEST_1563.ogg,0.021836817
TEST_1564.ogg,0.9999913
TEST_1565.ogg,0.27346578
TEST_1566.ogg,0.011890347
TEST_1567.ogg,0.03898912
TEST_1568.ogg,0.17346588
TEST_1569.ogg,0.054511867
TEST_1570.ogg,0.1337595
TEST_1571.ogg,0.44593093
TEST_1572.ogg,0.071187295
TEST_1573.ogg,0.9588699
TEST_1574.ogg,0.9997304
TEST_1575.ogg,0.9963819
TEST_1576.ogg,0.023867384
TEST_1577.ogg,0.7991547
TEST_1578.ogg,0.024623673
TEST_1579.ogg,0.08039999
TEST_1580.ogg,0.9960467
TEST_1581.ogg,0.009706509
TEST_1582.ogg,0.9815347
TEST_1583.ogg,0.09599455
TEST_1584.ogg,0.060472593
TEST_1585.ogg,0.1307163
TEST_1586.ogg,0.10042551
TEST_1587.ogg,0.031199755
TEST_1588.ogg,0.09608221
TEST_1589.ogg,0.05401571
TEST_1590.ogg,0.16002147
TEST_1591.ogg,0.056509603
TEST_1592.ogg,0.01431971
TEST_1593.ogg,0.06789256
TEST_1594.ogg,0.98322415
TEST_1595.ogg,0.06672166
TEST_1596.ogg,0.83044046
TEST_1597.ogg,0.05786423
TEST_1598.ogg,0.07632816
TEST_1599.ogg,0.017935319
TEST_1600.ogg,0.9646954
TEST_1601.ogg,0.055227075
TEST_1602.ogg,0.08287026
TEST_1603.ogg,0.9994603
TEST_1604.ogg,0.012378252
TEST_1605.ogg,0.33070913
TEST_1606.ogg,0.24693017
TEST_1607.ogg,0.06484682
TEST_1608.ogg,0.11701829
TEST_1609.ogg,0.054790348
TEST_1610.ogg,0.15376768
TEST_1611.ogg,0.022214927
TEST_1612.ogg,0.04168883
TEST_1613.ogg,0.023955386
TEST_1614.ogg,0.032998614
TEST_1615.ogg,0.99818426
TEST_1616.ogg,0.024121782
TEST_1617.ogg,0.04559055
TEST_1618.ogg,0.2920819
TEST_1619.ogg,0.0871283
TEST_1620.ogg,0.35493305
TEST_1621.ogg,0.0279224
TEST_1622.ogg,0.06288246
TEST_1623.ogg,0.83179826
TEST_1624.ogg,0.15461478
TEST_1625.ogg,0.02978061
TEST_1626.ogg,0.07410842
TEST_1627.ogg,0.06418674
TEST_1628.ogg,0.0368619
TEST_1629.ogg,0.8579179
TEST_1630.ogg,0.23222156
TEST_1631.ogg,0.39683664
TEST_1632.ogg,0.16515362
TEST_1633.ogg,0.044010255
TEST_1634.ogg,0.039338168
TEST_1635.ogg,0.21841983
TEST_1636.ogg,0.029460248
TEST_1637.ogg,0.18889208
TEST_1638.ogg,0.09902205
TEST_1639.ogg,0.1223206
TEST_1640.ogg,0.1688415
TEST_1641.ogg,0.056651954
TEST_1642.ogg,0.04564194
TEST_1643.ogg,0.047105253
TEST_1644.ogg,0.04484777
TEST_1645.ogg,0.02505512
TEST_1646.ogg,0.059718262
TEST_1647.ogg,0.020512745
TEST_1648.ogg,0.036490154
TEST_1649.ogg,0.070301995
TEST_1650.ogg,0.06493391
TEST_1651.ogg,0.10283585
TEST_1652.ogg,0.059811678
TEST_1653.ogg,0.038246058
TEST_1654.ogg,0.12171533
TEST_1655.ogg,0.122895904
TEST_1656.ogg,0.8928312
TEST_1657.ogg,0.7390566
TEST_1658.ogg,0.08322437
TEST_1659.ogg,0.08255983
TEST_1660.ogg,0.99997866
TEST_1661.ogg,0.22767231
TEST_1662.ogg,0.57336205
TEST_1663.ogg,0.20063229
TEST_1664.ogg,0.03740537
TEST_1665.ogg,0.05930283
TEST_1666.ogg,0.9553109
TEST_1667.ogg,0.44871363
TEST_1668.ogg,0.07559733
TEST_1669.ogg,0.0487433
TEST_1670.ogg,0.105746515
TEST_1671.ogg,0.08162944
TEST_1672.ogg,0.0910144
TEST_1673.ogg,0.10445997
TEST_1674.ogg,0.9991936
TEST_1675.ogg,0.16211301
TEST_1676.ogg,0.21107769
TEST_1677.ogg,0.08255888
TEST_1678.ogg,0.11776494
TEST_1679.ogg,0.03725853
TEST_1680.ogg,0.049868762
TEST_1681.ogg,0.031419832
TEST_1682.ogg,0.027692739
TEST_1683.ogg,0.098758556
TEST_1684.ogg,0.08680709
TEST_1685.ogg,0.016789079
TEST_1686.ogg,0.12921257
TEST_1687.ogg,0.04897946
TEST_1688.ogg,0.023930952
TEST_1689.ogg,0.7627128
TEST_1690.ogg,0.07342752
TEST_1691.ogg,0.11783641
TEST_1692.ogg,0.0024034714
TEST_1693.ogg,0.057513203
TEST_1694.ogg,0.08264121
TEST_1695.ogg,0.8392903
TEST_1696.ogg,0.2889816
TEST_1697.ogg,0.038250726
TEST_1698.ogg,0.03840058
TEST_1699.ogg,0.09943274
TEST_1700.ogg,0.98877037
TEST_1701.ogg,0.04973688
TEST_1702.ogg,0.053716134
TEST_1703.ogg,0.09666816
TEST_1704.ogg,0.9999999
TEST_1705.ogg,0.013730505
TEST_1706.ogg,0.055249084
TEST_1707.ogg,0.102078356
TEST_1708.ogg,0.18779059
TEST_1709.ogg,0.08910422
TEST_1710.ogg,0.8288744
TEST_1711.ogg,0.073883414
TEST_1712.ogg,0.12475897
TEST_1713.ogg,0.8222805
TEST_1714.ogg,0.15865155
TEST_1715.ogg,0.02085661
TEST_1716.ogg,0.115462966
TEST_1717.ogg,0.05040262
TEST_1718.ogg,0.018832764
TEST_1719.ogg,0.0868524
TEST_1720.ogg,0.30196875
TEST_1721.ogg,0.068369314
TEST_1722.ogg,0.17094396
TEST_1723.ogg,0.58453566
TEST_1724.ogg,0.04283097
TEST_1725.ogg,0.9999883
TEST_1726.ogg,0.057193294
TEST_1727.ogg,0.02551836
TEST_1728.ogg,0.03186736
TEST_1729.ogg,0.9998004
TEST_1730.ogg,0.8417975
TEST_1731.ogg,0.07094775
TEST_1732.ogg,0.028190421
TEST_1733.ogg,0.026446935
TEST_1734.ogg,0.082001105
TEST_1735.ogg,0.07141694
TEST_1736.ogg,0.049116176
TEST_1737.ogg,0.8168953
TEST_1738.ogg,0.9163273
TEST_1739.ogg,0.9427847
TEST_1740.ogg,0.013512514
TEST_1741.ogg,0.068749405
TEST_1742.ogg,0.12852846
TEST_1743.ogg,0.22656688
TEST_1744.ogg,0.07503857
TEST_1745.ogg,0.97885567
TEST_1746.ogg,0.03449205
TEST_1747.ogg,0.017402014
TEST_1748.ogg,0.061529536
TEST_1749.ogg,0.9997267
TEST_1750.ogg,0.21349369
TEST_1751.ogg,0.1738018
TEST_1752.ogg,0.3796204
TEST_1753.ogg,0.755986
TEST_1754.ogg,0.38444293
TEST_1755.ogg,0.013506971
TEST_1756.ogg,0.031968825
TEST_1757.ogg,0.998801
TEST_1758.ogg,0.03363284
TEST_1759.ogg,0.11223578
TEST_1760.ogg,0.058034226
TEST_1761.ogg,0.021681411
TEST_1762.ogg,0.03124858
TEST_1763.ogg,0.0066293958
TEST_1764.ogg,0.20979834
TEST_1765.ogg,0.07883524
TEST_1766.ogg,0.1162284
TEST_1767.ogg,0.009364184
TEST_1768.ogg,0.8980406
TEST_1769.ogg,0.04797379
TEST_1770.ogg,0.99991834
TEST_1771.ogg,0.048868768
TEST_1772.ogg,0.99968076
TEST_1773.ogg,0.06357883
TEST_1774.ogg,0.076303385
TEST_1775.ogg,0.2511694
TEST_1776.ogg,0.02087475
TEST_1777.ogg,0.99972004
TEST_1778.ogg,0.16184293
TEST_1779.ogg,0.090221874
TEST_1780.ogg,0.055365942
TEST_1781.ogg,0.027796434
TEST_1782.ogg,0.9792899
TEST_1783.ogg,0.01745982
TEST_1784.ogg,0.14556748
TEST_1785.ogg,0.05204775
TEST_1786.ogg,0.07172109
TEST_1787.ogg,0.05510639
TEST_1788.ogg,0.038618598
TEST_1789.ogg,0.041253943
TEST_1790.ogg,0.07181963
TEST_1791.ogg,0.86451155
TEST_1792.ogg,0.051040705
TEST_1793.ogg,0.15734042
TEST_1794.ogg,0.21002844
TEST_1795.ogg,0.2921751
TEST_1796.ogg,0.022261875
TEST_1797.ogg,0.008646392
TEST_1798.ogg,0.002807694
TEST_1799.ogg,0.08329338
TEST_1800.ogg,0.038300417
TEST_1801.ogg,0.9999778
TEST_1802.ogg,0.04748431
TEST_1803.ogg,0.029380696
TEST_1804.ogg,0.2284494
TEST_1805.ogg,0.03984232
TEST_1806.ogg,0.041429415
TEST_1807.ogg,0.02623621
TEST_1808.ogg,0.01797589
TEST_1809.ogg,0.6386369
TEST_1810.ogg,0.06111899
TEST_1811.ogg,0.2784493
TEST_1812.ogg,0.08786604
TEST_1813.ogg,0.5556834
TEST_1814.ogg,0.008203682
TEST_1815.ogg,0.053411808
TEST_1816.ogg,0.056939248
TEST_1817.ogg,0.13424411
TEST_1818.ogg,0.04540346
TEST_1819.ogg,0.008757756
TEST_1820.ogg,0.9995727
TEST_1821.ogg,0.09068795
TEST_1822.ogg,0.024745978
TEST_1823.ogg,0.052532993
TEST_1824.ogg,0.34566206
TEST_1825.ogg,0.9998809
TEST_1826.ogg,0.047045562
TEST_1827.ogg,0.058718238
TEST_1828.ogg,0.043714214
TEST_1829.ogg,0.020006152
TEST_1830.ogg,0.030811641
TEST_1831.ogg,0.011848743
TEST_1832.ogg,0.85417044
TEST_1833.ogg,0.41399953
TEST_1834.ogg,0.025833847
TEST_1835.ogg,0.15706997
TEST_1836.ogg,0.07946679
TEST_1837.ogg,0.036077764
TEST_1838.ogg,0.0493594
TEST_1839.ogg,0.99599034
TEST_1840.ogg,0.91374177
TEST_1841.ogg,0.065197006
TEST_1842.ogg,0.032629345
TEST_1843.ogg,0.04061925
TEST_1844.ogg,0.02591263
TEST_1845.ogg,0.025702944
TEST_1846.ogg,0.036963947
TEST_1847.ogg,0.069103695
TEST_1848.ogg,0.076008044
TEST_1849.ogg,0.0158108
TEST_1850.ogg,0.6626332
TEST_1851.ogg,0.94325477
TEST_1852.ogg,0.9232999
TEST_1853.ogg,0.13613376
TEST_1854.ogg,0.055174857
TEST_1855.ogg,0.0632767
TEST_1856.ogg,0.15868449
TEST_1857.ogg,0.996476
TEST_1858.ogg,0.041396063
TEST_1859.ogg,0.0941549
TEST_1860.ogg,0.0025130396
TEST_1861.ogg,0.007440942
TEST_1862.ogg,0.09483956
TEST_1863.ogg,0.02151364
TEST_1864.ogg,0.09646587
TEST_1865.ogg,0.019923806
TEST_1866.ogg,0.33060977
TEST_1867.ogg,0.012161793
TEST_1868.ogg,0.009897816
TEST_1869.ogg,0.027996177
TEST_1870.ogg,0.027886922
TEST_1871.ogg,0.45071033
TEST_1872.ogg,0.06417931
TEST_1873.ogg,0.1362175
TEST_1874.ogg,0.07957001
TEST_1875.ogg,0.033906706
TEST_1876.ogg,0.9994061
TEST_1877.ogg,0.052730545
TEST_1878.ogg,0.15276013
TEST_1879.ogg,0.025650218
TEST_1880.ogg,0.035122532
TEST_1881.ogg,0.059692133
TEST_1882.ogg,0.02816801
TEST_1883.ogg,0.17235886
TEST_1884.ogg,0.036885675
TEST_1885.ogg,0.36798337
TEST_1886.ogg,0.0472688
TEST_1887.ogg,0.072313234
TEST_1888.ogg,0.9825163
TEST_1889.ogg,0.7697375
TEST_1890.ogg,0.027166521
TEST_1891.ogg,0.04547557
TEST_1892.ogg,0.015544939
TEST_1893.ogg,0.07275786
TEST_1894.ogg,0.05700154
TEST_1895.ogg,0.051384345
TEST_1896.ogg,0.09855629
TEST_1897.ogg,0.035638962
TEST_1898.ogg,0.1895391
TEST_1899.ogg,0.9995245
TEST_1900.ogg,0.043770853
TEST_1901.ogg,0.069319695
TEST_1902.ogg,0.3988098
TEST_1903.ogg,0.043784756
TEST_1904.ogg,0.006710995
TEST_1905.ogg,0.02956686
TEST_1906.ogg,0.024781208
TEST_1907.ogg,0.167139
TEST_1908.ogg,0.06462219
TEST_1909.ogg,0.39631695
TEST_1910.ogg,0.041182928
TEST_1911.ogg,0.02578071
TEST_1912.ogg,0.061593834
TEST_1913.ogg,0.16553737
TEST_1914.ogg,0.075439386
TEST_1915.ogg,0.0612357
TEST_1916.ogg,0.08899992
TEST_1917.ogg,0.1647764
TEST_1918.ogg,0.151448
TEST_1919.ogg,0.12280421
TEST_1920.ogg,0.07187453
TEST_1921.ogg,0.044173002
TEST_1922.ogg,0.025491165
TEST_1923.ogg,0.16486803
TEST_1924.ogg,0.06822446
TEST_1925.ogg,0.06977774
TEST_1926.ogg,0.042631093
TEST_1927.ogg,0.0218483
TEST_1928.ogg,0.08602253
TEST_1929.ogg,0.13964486
TEST_1930.ogg,0.011861659
TEST_1931.ogg,0.9974318
TEST_1932.ogg,0.9998424
TEST_1933.ogg,0.052318156
TEST_1934.ogg,0.13984163
TEST_1935.ogg,0.9908942
TEST_1936.ogg,0.04950331
TEST_1937.ogg,0.99995434
TEST_1938.ogg,0.040810123
TEST_1939.ogg,0.03028214
TEST_1940.ogg,0.017264528
TEST_1941.ogg,0.08313686
TEST_1942.ogg,0.035153035
TEST_1943.ogg,0.79959506
TEST_1944.ogg,0.010759268
TEST_1945.ogg,0.8148672
TEST_1946.ogg,0.36331123
TEST_1947.ogg,0.099014774
TEST_1948.ogg,0.052463
TEST_1949.ogg,0.29755116
TEST_1950.ogg,0.022888102
TEST_1951.ogg,0.06365162
TEST_1952.ogg,0.74510413
TEST_1953.ogg,0.9978397
TEST_1954.ogg,0.051702607
TEST_1955.ogg,0.042043015
TEST_1956.ogg,0.0989688
TEST_1957.ogg,0.019287687
TEST_1958.ogg,0.014892897
TEST_1959.ogg,0.23736043
TEST_1960.ogg,0.081673
TEST_1961.ogg,0.0954784
TEST_1962.ogg,0.32938185
TEST_1963.ogg,0.012891886
TEST_1964.ogg,0.07944467
TEST_1965.ogg,0.013322879
TEST_1966.ogg,0.054429002
TEST_1967.ogg,0.119041584
TEST_1968.ogg,0.5841946
TEST_1969.ogg,0.039542038
TEST_1970.ogg,0.06155631
TEST_1971.ogg,0.003683703
TEST_1972.ogg,0.081386164
TEST_1973.ogg,0.089543566
TEST_1974.ogg,0.06375998
TEST_1975.ogg,0.08151683
TEST_1976.ogg,0.025541373
TEST_1977.ogg,0.10225974
TEST_1978.ogg,0.043723844
TEST_1979.ogg,0.09912662
TEST_1980.ogg,0.06423612
TEST_1981.ogg,0.9721357
TEST_1982.ogg,0.016226718
TEST_1983.ogg,0.059181157
TEST_1984.ogg,0.009242517
TEST_1985.ogg,0.083933175
TEST_1986.ogg,0.008509355
TEST_1987.ogg,0.06120234
TEST_1988.ogg,0.99486864
TEST_1989.ogg,0.12775001
TEST_1990.ogg,0.21373905
TEST_1991.ogg,0.049851093
TEST_1992.ogg,0.03231598
TEST_1993.ogg,0.021089714
TEST_1994.ogg,0.007029183
TEST_1995.ogg,0.054527238
TEST_1996.ogg,0.3399626
TEST_1997.ogg,0.08896055
TEST_1998.ogg,0.035083633
TEST_1999.ogg,0.028225418
TEST_2000.ogg,0.19176991
TEST_2001.ogg,0.5982222
TEST_2002.ogg,0.024972284
TEST_2003.ogg,0.22377078
TEST_2004.ogg,0.009054362
TEST_2005.ogg,0.15793456
TEST_2006.ogg,0.0601773
TEST_2007.ogg,0.9844142
TEST_2008.ogg,0.090124235
TEST_2009.ogg,0.94635147
TEST_2010.ogg,0.013715537
TEST_2011.ogg,0.07092921
TEST_2012.ogg,0.013745476
TEST_2013.ogg,0.038793623
TEST_2014.ogg,0.05575954
TEST_2015.ogg,0.022342939
TEST_2016.ogg,0.9975069
TEST_2017.ogg,0.9997181
TEST_2018.ogg,0.022151096
TEST_2019.ogg,0.032468
TEST_2020.ogg,0.6418283
TEST_2021.ogg,0.03263701
TEST_2022.ogg,0.061733093
TEST_2023.ogg,0.14365567
TEST_2024.ogg,0.21967307
TEST_2025.ogg,0.043390106
TEST_2026.ogg,0.089302585
TEST_2027.ogg,0.062019892
TEST_2028.ogg,0.03211929
TEST_2029.ogg,0.20880821
TEST_2030.ogg,0.78866786
TEST_2031.ogg,0.020913478
TEST_2032.ogg,0.02127362
TEST_2033.ogg,0.19997562
TEST_2034.ogg,0.048098158
TEST_2035.ogg,0.5762837
TEST_2036.ogg,0.08053848
TEST_2037.ogg,0.09241355
TEST_2038.ogg,0.019009778
TEST_2039.ogg,0.052237183
TEST_2040.ogg,0.01106847
TEST_2041.ogg,0.12295998
TEST_2042.ogg,0.20908366
TEST_2043.ogg,0.4016009
TEST_2044.ogg,0.116677344
TEST_2045.ogg,0.04507091
TEST_2046.ogg,0.015909199
TEST_2047.ogg,0.2748221
TEST_2048.ogg,0.23566794
TEST_2049.ogg,0.0792939
TEST_2050.ogg,0.031096434
TEST_2051.ogg,0.15257978
TEST_2052.ogg,0.0469996
TEST_2053.ogg,0.04240655
TEST_2054.ogg,0.29602864
TEST_2055.ogg,0.043303914
TEST_2056.ogg,0.99603784
TEST_2057.ogg,0.331537
TEST_2058.ogg,0.03449345
TEST_2059.ogg,0.11750744
TEST_2060.ogg,0.06965635
TEST_2061.ogg,0.05506596
TEST_2062.ogg,0.04064716
TEST_2063.ogg,0.035767358
TEST_2064.ogg,0.06583501
TEST_2065.ogg,0.023922732
TEST_2066.ogg,0.06950849
TEST_2067.ogg,0.032023232
TEST_2068.ogg,0.02734124
TEST_2069.ogg,0.646125
TEST_2070.ogg,0.17666136
TEST_2071.ogg,0.054813553
TEST_2072.ogg,0.09022879
TEST_2073.ogg,0.021887723
TEST_2074.ogg,0.058219787
TEST_2075.ogg,0.053135034
TEST_2076.ogg,0.14804503
TEST_2077.ogg,0.15484492
TEST_2078.ogg,0.20270169
TEST_2079.ogg,0.04169207
TEST_2080.ogg,0.034805495
TEST_2081.ogg,0.038778003
TEST_2082.ogg,0.023630595
TEST_2083.ogg,0.029840179
TEST_2084.ogg,0.11857715
TEST_2085.ogg,0.10502975
TEST_2086.ogg,0.030642506
TEST_2087.ogg,0.07950643
TEST_2088.ogg,0.03228759
TEST_2089.ogg,0.04877489
TEST_2090.ogg,0.04042589
TEST_2091.ogg,0.13300088
TEST_2092.ogg,5.4749005e-08
TEST_2093.ogg,0.17784604
TEST_2094.ogg,0.05370652
TEST_2095.ogg,0.014822232
TEST_2096.ogg,0.124722384
TEST_2097.ogg,0.014385243
TEST_2098.ogg,0.020628102
TEST_2099.ogg,0.10343349
TEST_2100.ogg,0.3478711
TEST_2101.ogg,0.032470267
TEST_2102.ogg,0.18279296
TEST_2103.ogg,0.01688271
TEST_2104.ogg,0.08099497
TEST_2105.ogg,0.062203184
TEST_2106.ogg,0.0038802186
TEST_2107.ogg,0.9701082
TEST_2108.ogg,0.08303366
TEST_2109.ogg,0.09432361
TEST_2110.ogg,0.02517965
TEST_2111.ogg,0.052585375
TEST_2112.ogg,0.32447332
TEST_2113.ogg,0.9999913
TEST_2114.ogg,0.055977117
TEST_2115.ogg,0.44237432
TEST_2116.ogg,0.10291025
TEST_2117.ogg,0.08359321
TEST_2118.ogg,0.01632983
TEST_2119.ogg,0.09780732
TEST_2120.ogg,0.08239601
TEST_2121.ogg,0.06880526
TEST_2122.ogg,0.12911473
TEST_2123.ogg,0.006994171
TEST_2124.ogg,0.041419134
TEST_2125.ogg,0.02194844
TEST_2126.ogg,0.12761599
TEST_2127.ogg,0.13902032
TEST_2128.ogg,0.026548363
TEST_2129.ogg,0.59402823
TEST_2130.ogg,0.09119495
TEST_2131.ogg,0.087594666
TEST_2132.ogg,0.039453406
TEST_2133.ogg,0.1317359
TEST_2134.ogg,0.07705114
TEST_2135.ogg,0.08028614
TEST_2136.ogg,0.024137244
TEST_2137.ogg,0.6457036
TEST_2138.ogg,0.99620676
TEST_2139.ogg,0.045271702
TEST_2140.ogg,0.12296629
TEST_2141.ogg,0.16604061
TEST_2142.ogg,0.11984905
TEST_2143.ogg,0.020878455
TEST_2144.ogg,0.016849652
TEST_2145.ogg,0.063015215
TEST_2146.ogg,0.10607396
TEST_2147.ogg,0.020182751
TEST_2148.ogg,0.75586367
TEST_2149.ogg,0.10330221
TEST_2150.ogg,0.0174115
TEST_2151.ogg,0.07134811
TEST_2152.ogg,0.99938655
TEST_2153.ogg,0.02494959
TEST_2154.ogg,0.02046098
TEST_2155.ogg,0.013231068
TEST_2156.ogg,0.9945098
TEST_2157.ogg,0.16779198
TEST_2158.ogg,0.024607113
TEST_2159.ogg,0.12500711
TEST_2160.ogg,0.30939308
TEST_2161.ogg,0.31141835
TEST_2162.ogg,0.12198871
TEST_2163.ogg,0.03210441
TEST_2164.ogg,0.47343183
TEST_2165.ogg,0.00877674
TEST_2166.ogg,0.30014864
TEST_2167.ogg,0.9897329
TEST_2168.ogg,0.026367188
TEST_2169.ogg,0.9966702
TEST_2170.ogg,0.032813214
TEST_2171.ogg,0.04432393
TEST_2172.ogg,0.03292386
TEST_2173.ogg,0.040636078
TEST_2174.ogg,0.12205519
TEST_2175.ogg,0.019163873
TEST_2176.ogg,0.05663691
TEST_2177.ogg,0.504289
TEST_2178.ogg,0.51722676
TEST_2179.ogg,0.4294839
TEST_2180.ogg,0.026842674
TEST_2181.ogg,0.033379145
TEST_2182.ogg,0.0074076345
TEST_2183.ogg,0.120558694
TEST_2184.ogg,0.7080805
TEST_2185.ogg,0.19386362
TEST_2186.ogg,0.020506497
TEST_2187.ogg,0.06374852
TEST_2188.ogg,0.017900983
TEST_2189.ogg,0.4176305
TEST_2190.ogg,0.37825957
TEST_2191.ogg,0.10049819
TEST_2192.ogg,0.6494828
TEST_2193.ogg,0.16062373
TEST_2194.ogg,0.0549286
TEST_2195.ogg,0.05550016
TEST_2196.ogg,0.92802435
TEST_2197.ogg,0.66638035
TEST_2198.ogg,0.13473932
TEST_2199.ogg,0.13155574
TEST_2200.ogg,0.99482334
TEST_2201.ogg,0.2723228
TEST_2202.ogg,0.023377167
TEST_2203.ogg,0.19929603
TEST_2204.ogg,0.08134184
TEST_2205.ogg,0.8871783
TEST_2206.ogg,0.041648258
TEST_2207.ogg,0.06484205
TEST_2208.ogg,0.2298104
TEST_2209.ogg,0.32078406
TEST_2210.ogg,0.03727792
TEST_2211.ogg,0.05498099
TEST_2212.ogg,0.04868238
TEST_2213.ogg,0.32056317
TEST_2214.ogg,0.84003323
TEST_2215.ogg,0.054574326
TEST_2216.ogg,0.08225983
TEST_2217.ogg,0.8356524
TEST_2218.ogg,0.09650041
TEST_2219.ogg,0.9536685
TEST_2220.ogg,0.13845356
TEST_2221.ogg,0.048732422
TEST_2222.ogg,0.031243706
TEST_2223.ogg,0.29699656
TEST_2224.ogg,0.05420051
TEST_2225.ogg,0.038181078
TEST_2226.ogg,0.043140676
TEST_2227.ogg,0.9997483
TEST_2228.ogg,0.0452643
TEST_2229.ogg,0.114280045
TEST_2230.ogg,0.3823275
TEST_2231.ogg,0.03900816
TEST_2232.ogg,0.997092
TEST_2233.ogg,0.13286771
TEST_2234.ogg,0.0010337884
TEST_2235.ogg,0.07227351
TEST_2236.ogg,0.030668572
TEST_2237.ogg,0.046744958
TEST_2238.ogg,0.99871314
TEST_2239.ogg,0.97665966
TEST_2240.ogg,0.010929568
TEST_2241.ogg,0.07702529
TEST_2242.ogg,0.02157056
TEST_2243.ogg,0.30220333
TEST_2244.ogg,0.3786885
TEST_2245.ogg,0.07708458
TEST_2246.ogg,0.021183027
TEST_2247.ogg,0.08903638
TEST_2248.ogg,0.08213463
TEST_2249.ogg,0.79535013
TEST_2250.ogg,0.0153492475
TEST_2251.ogg,0.15311064
TEST_2252.ogg,0.14279328
TEST_2253.ogg,0.12253613
TEST_2254.ogg,0.14329751
TEST_2255.ogg,0.06677462
TEST_2256.ogg,0.012105932
TEST_2257.ogg,0.02526127
TEST_2258.ogg,0.0381451
TEST_2259.ogg,0.09898163
TEST_2260.ogg,0.26479998
TEST_2261.ogg,0.030897053
TEST_2262.ogg,0.14504802
TEST_2263.ogg,0.03558946
TEST_2264.ogg,0.12519123
TEST_2265.ogg,0.037458725
TEST_2266.ogg,0.24013808
TEST_2267.ogg,0.037416056
TEST_2268.ogg,0.045355786
TEST_2269.ogg,0.026006429
TEST_2270.ogg,0.039618388
TEST_2271.ogg,0.01770835
TEST_2272.ogg,0.022250617
TEST_2273.ogg,0.032327183
TEST_2274.ogg,0.050123278
TEST_2275.ogg,0.026359586
TEST_2276.ogg,0.043700684
TEST_2277.ogg,0.03706413
TEST_2278.ogg,0.03138962
TEST_2279.ogg,0.029205892
TEST_2280.ogg,0.6772843
TEST_2281.ogg,0.9999964
TEST_2282.ogg,0.04310485
TEST_2283.ogg,0.061551508
TEST_2284.ogg,0.25964326
TEST_2285.ogg,0.03589463
TEST_2286.ogg,0.9747326
TEST_2287.ogg,0.041296184
TEST_2288.ogg,0.999747
TEST_2289.ogg,0.024063949
TEST_2290.ogg,0.10713938
TEST_2291.ogg,0.4114459
TEST_2292.ogg,0.050786816
TEST_2293.ogg,6.8285e-05
TEST_2294.ogg,0.08369947
TEST_2295.ogg,0.047907848
TEST_2296.ogg,0.14823602
TEST_2297.ogg,0.074181266
TEST_2298.ogg,0.014001058
TEST_2299.ogg,0.0661513
TEST_2300.ogg,0.07235651
TEST_2301.ogg,0.9938829
TEST_2302.ogg,0.03019552
TEST_2303.ogg,0.041836523
TEST_2304.ogg,0.056948468
TEST_2305.ogg,0.039970126
TEST_2306.ogg,0.055947978
TEST_2307.ogg,0.13610291
TEST_2308.ogg,0.041684642
TEST_2309.ogg,0.99929965
TEST_2310.ogg,0.06426479
TEST_2311.ogg,0.7610504
TEST_2312.ogg,0.01406653
TEST_2313.ogg,0.041509446
TEST_2314.ogg,0.033517428
TEST_2315.ogg,0.020257823
TEST_2316.ogg,0.009417601
TEST_2317.ogg,0.09911136
TEST_2318.ogg,0.090547375
TEST_2319.ogg,0.9987864
TEST_2320.ogg,0.015999679
TEST_2321.ogg,0.22179973
TEST_2322.ogg,0.0073128543
TEST_2323.ogg,0.029529173
TEST_2324.ogg,0.032825813
TEST_2325.ogg,0.045859426
TEST_2326.ogg,0.017191164
TEST_2327.ogg,0.4199152
TEST_2328.ogg,0.013483928
TEST_2329.ogg,0.044446528
TEST_2330.ogg,0.039585512
TEST_2331.ogg,0.2506746
TEST_2332.ogg,0.04248022
TEST_2333.ogg,0.041622773
TEST_2334.ogg,0.061957125
TEST_2335.ogg,0.21415465
TEST_2336.ogg,0.008569521
TEST_2337.ogg,0.042104825
TEST_2338.ogg,0.057217687
TEST_2339.ogg,0.022337852
TEST_2340.ogg,0.41414803
TEST_2341.ogg,0.9825149
TEST_2342.ogg,0.06412819
TEST_2343.ogg,0.045884743
TEST_2344.ogg,0.07878986
TEST_2345.ogg,0.06423449
TEST_2346.ogg,0.08465234
TEST_2347.ogg,0.04553567
TEST_2348.ogg,0.05317248
TEST_2349.ogg,0.019183233
TEST_2350.ogg,0.9503803
TEST_2351.ogg,0.08010345
TEST_2352.ogg,0.058370654
TEST_2353.ogg,0.89800733
TEST_2354.ogg,0.018289428
TEST_2355.ogg,0.20426942
TEST_2356.ogg,0.05411446
TEST_2357.ogg,0.11574525
TEST_2358.ogg,0.9130651
TEST_2359.ogg,0.097589284
TEST_2360.ogg,0.23483557
TEST_2361.ogg,0.022558877
TEST_2362.ogg,0.02259652
TEST_2363.ogg,0.9853349
TEST_2364.ogg,0.02890728
TEST_2365.ogg,0.05376903
TEST_2366.ogg,0.039952606
TEST_2367.ogg,0.01880496
TEST_2368.ogg,0.04867295
TEST_2369.ogg,0.18676144
TEST_2370.ogg,0.09541778
TEST_2371.ogg,0.042608224
TEST_2372.ogg,0.051743913
TEST_2373.ogg,0.058592156
TEST_2374.ogg,0.72069454
TEST_2375.ogg,0.032525346
TEST_2376.ogg,0.038519066
TEST_2377.ogg,0.13566975
TEST_2378.ogg,0.056187335
TEST_2379.ogg,0.021873564
TEST_2380.ogg,0.09770905
TEST_2381.ogg,0.10643571
TEST_2382.ogg,0.0036103087
TEST_2383.ogg,0.999926
TEST_2384.ogg,0.02393281
TEST_2385.ogg,0.2395691
TEST_2386.ogg,0.6867114
TEST_2387.ogg,0.99979085
TEST_2388.ogg,0.05516794
TEST_2389.ogg,0.0251803
TEST_2390.ogg,0.03811181
TEST_2391.ogg,0.15200643
TEST_2392.ogg,0.20292763
TEST_2393.ogg,0.06813616
TEST_2394.ogg,0.0074780253
TEST_2395.ogg,0.035015002
TEST_2396.ogg,0.32973328
TEST_2397.ogg,0.022686113
TEST_2398.ogg,0.3155788
TEST_2399.ogg,0.036949188
TEST_2400.ogg,0.11497757
TEST_2401.ogg,0.9912629
TEST_2402.ogg,0.08286316
TEST_2403.ogg,0.0055975295
TEST_2404.ogg,0.05182864
TEST_2405.ogg,0.0665611
TEST_2406.ogg,0.9999447
TEST_2407.ogg,0.15631957
TEST_2408.ogg,0.10110469
TEST_2409.ogg,0.10411843
TEST_2410.ogg,0.11255431
TEST_2411.ogg,0.06868438
TEST_2412.ogg,0.1884225
TEST_2413.ogg,0.08874682
TEST_2414.ogg,0.0532163
TEST_2415.ogg,0.03330916
TEST_2416.ogg,0.1379612
TEST_2417.ogg,0.059835065
TEST_2418.ogg,0.0857863
TEST_2419.ogg,4.8169333e-08
TEST_2420.ogg,0.09253043
TEST_2421.ogg,0.29067585
TEST_2422.ogg,0.026991336
TEST_2423.ogg,0.545074
TEST_2424.ogg,0.16268648
TEST_2425.ogg,0.020905307
TEST_2426.ogg,0.70676225
TEST_2427.ogg,0.018570673
TEST_2428.ogg,0.05646231
TEST_2429.ogg,0.04181748
TEST_2430.ogg,0.02196003
TEST_2431.ogg,0.25644553
TEST_2432.ogg,0.0937941
TEST_2433.ogg,0.06244408
TEST_2434.ogg,0.5096689
TEST_2435.ogg,0.6970893
TEST_2436.ogg,0.084441125
TEST_2437.ogg,0.98252445
TEST_2438.ogg,0.06154067
TEST_2439.ogg,0.011685875
TEST_2440.ogg,0.047447763
TEST_2441.ogg,0.04160606
TEST_2442.ogg,0.11478745
TEST_2443.ogg,0.020234564
TEST_2444.ogg,0.12367993
TEST_2445.ogg,0.058642033
TEST_2446.ogg,0.99997735
TEST_2447.ogg,0.9957451
TEST_2448.ogg,0.013611006
TEST_2449.ogg,0.13098012
TEST_2450.ogg,0.075292364
TEST_2451.ogg,0.0741783
TEST_2452.ogg,0.024047827
TEST_2453.ogg,0.38127434
TEST_2454.ogg,0.8067416
TEST_2455.ogg,0.930463
TEST_2456.ogg,0.070601724
TEST_2457.ogg,0.08816432
TEST_2458.ogg,0.019750986
TEST_2459.ogg,0.007910471
TEST_2460.ogg,0.05900722
TEST_2461.ogg,0.021298088
TEST_2462.ogg,0.9939972
TEST_2463.ogg,0.038798843
TEST_2464.ogg,0.4705727
TEST_2465.ogg,0.35733178
TEST_2466.ogg,0.0873306
TEST_2467.ogg,0.3020421
TEST_2468.ogg,0.022048837
TEST_2469.ogg,0.06359168
TEST_2470.ogg,0.14089298
TEST_2471.ogg,0.060730852
TEST_2472.ogg,0.09915203
TEST_2473.ogg,0.1006824
TEST_2474.ogg,0.05008551
TEST_2475.ogg,0.45742413
TEST_2476.ogg,0.64013195
TEST_2477.ogg,0.9678905
TEST_2478.ogg,0.06727046
TEST_2479.ogg,0.04343802
TEST_2480.ogg,0.5005279
TEST_2481.ogg,0.020926336
TEST_2482.ogg,0.2628456
TEST_2483.ogg,0.07119251
TEST_2484.ogg,0.98983103
TEST_2485.ogg,0.073509604
TEST_2486.ogg,0.082645684
TEST_2487.ogg,0.03729603
TEST_2488.ogg,0.8261026
TEST_2489.ogg,0.04812491
TEST_2490.ogg,0.10349523
TEST_2491.ogg,0.9729604
TEST_2492.ogg,0.028327538
TEST_2493.ogg,0.07878461
TEST_2494.ogg,0.058547985
TEST_2495.ogg,0.15960672
TEST_2496.ogg,0.03061809
TEST_2497.ogg,0.15075642
TEST_2498.ogg,0.85723734
TEST_2499.ogg,0.16120303
TEST_2500.ogg,0.10815694
TEST_2501.ogg,0.10535317
TEST_2502.ogg,0.08162983
TEST_2503.ogg,0.032488767
TEST_2504.ogg,0.086571716
TEST_2505.ogg,0.06525204
TEST_2506.ogg,0.27760518
TEST_2507.ogg,0.07071118
TEST_2508.ogg,0.041015107
TEST_2509.ogg,0.020623194
TEST_2510.ogg,0.059838288
TEST_2511.ogg,0.021199778
TEST_2512.ogg,0.054019697
TEST_2513.ogg,0.028545525
TEST_2514.ogg,0.041122418
TEST_2515.ogg,0.024396123
TEST_2516.ogg,0.04219553
TEST_2517.ogg,0.010678186
TEST_2518.ogg,0.023675568
TEST_2519.ogg,0.18094781
TEST_2520.ogg,0.025460782
TEST_2521.ogg,0.08683007
TEST_2522.ogg,0.019346524
TEST_2523.ogg,0.103744276
TEST_2524.ogg,0.103530444
TEST_2525.ogg,0.030027553
TEST_2526.ogg,0.068526275
TEST_2527.ogg,0.14983788
TEST_2528.ogg,0.070780486
TEST_2529.ogg,0.675693
TEST_2530.ogg,1.0
TEST_2531.ogg,0.99993336
TEST_2532.ogg,0.5167499
TEST_2533.ogg,0.08474899
TEST_2534.ogg,0.04394656
TEST_2535.ogg,0.075163245
TEST_2536.ogg,0.044330884
TEST_2537.ogg,0.039706863
TEST_2538.ogg,0.11082911
TEST_2539.ogg,0.28635398
TEST_2540.ogg,0.06779151
TEST_2541.ogg,0.2775701
TEST_2542.ogg,0.013409487
TEST_2543.ogg,0.23685168
TEST_2544.ogg,0.030172063
TEST_2545.ogg,0.061564058
TEST_2546.ogg,0.043270648
TEST_2547.ogg,0.029088559
TEST_2548.ogg,0.23259084
TEST_2549.ogg,0.19916354
TEST_2550.ogg,0.081051886
TEST_2551.ogg,0.060820114
TEST_2552.ogg,0.009387804
TEST_2553.ogg,0.061840802
TEST_2554.ogg,0.040415246
TEST_2555.ogg,0.12397901
TEST_2556.ogg,0.21820648
TEST_2557.ogg,0.020913135
TEST_2558.ogg,0.10716484
TEST_2559.ogg,0.07785311
TEST_2560.ogg,0.016719034
TEST_2561.ogg,0.06990492
TEST_2562.ogg,0.05881709
TEST_2563.ogg,0.15437053
TEST_2564.ogg,0.08590684
TEST_2565.ogg,0.9884729
TEST_2566.ogg,0.06585043
TEST_2567.ogg,0.045190588
TEST_2568.ogg,0.047862366
TEST_2569.ogg,0.12780286
TEST_2570.ogg,0.006475305
TEST_2571.ogg,0.9999254
TEST_2572.ogg,0.026772339
TEST_2573.ogg,0.031837977
TEST_2574.ogg,0.041158024
TEST_2575.ogg,0.9994295
TEST_2576.ogg,0.04028338
TEST_2577.ogg,0.018075299
TEST_2578.ogg,0.016728492
TEST_2579.ogg,0.999984
TEST_2580.ogg,0.6901081
TEST_2581.ogg,0.037377566
TEST_2582.ogg,0.21547247
TEST_2583.ogg,0.091027446
TEST_2584.ogg,0.6214338
TEST_2585.ogg,0.04456592
TEST_2586.ogg,0.016429527
TEST_2587.ogg,0.2317188
TEST_2588.ogg,0.43461722
TEST_2589.ogg,0.98152024
TEST_2590.ogg,0.99962723
TEST_2591.ogg,0.036106355
TEST_2592.ogg,0.007794209
TEST_2593.ogg,0.043818917
TEST_2594.ogg,0.14429761
TEST_2595.ogg,0.5727788
TEST_2596.ogg,0.016727213
TEST_2597.ogg,0.051036492
TEST_2598.ogg,0.057949916
TEST_2599.ogg,0.018965378
TEST_2600.ogg,0.03465078
TEST_2601.ogg,0.26691028
TEST_2602.ogg,0.031684775
TEST_2603.ogg,0.3902742
TEST_2604.ogg,0.06620991
TEST_2605.ogg,0.8573012
TEST_2606.ogg,0.043117587
TEST_2607.ogg,0.08943476
TEST_2608.ogg,0.13700137
TEST_2609.ogg,0.016724162
TEST_2610.ogg,0.13616467
TEST_2611.ogg,0.91630626
TEST_2612.ogg,0.63494366
TEST_2613.ogg,0.024919378
TEST_2614.ogg,0.9999969
TEST_2615.ogg,0.018965142
TEST_2616.ogg,0.08177241
TEST_2617.ogg,0.009722465
TEST_2618.ogg,0.023258958
TEST_2619.ogg,0.0993385
TEST_2620.ogg,0.020907065
TEST_2621.ogg,0.9832745
TEST_2622.ogg,0.54949844
TEST_2623.ogg,0.01216774
TEST_2624.ogg,0.040143855
TEST_2625.ogg,0.014615882
TEST_2626.ogg,0.0819143
TEST_2627.ogg,0.08398311
TEST_2628.ogg,0.090428144
TEST_2629.ogg,0.031624448
TEST_2630.ogg,0.053340875
TEST_2631.ogg,0.07858411
TEST_2632.ogg,0.99811673
TEST_2633.ogg,0.027287554
TEST_2634.ogg,0.04364696
TEST_2635.ogg,0.044882704
TEST_2636.ogg,0.84480673
TEST_2637.ogg,0.9999807
TEST_2638.ogg,0.10543306
TEST_2639.ogg,0.14569697
TEST_2640.ogg,0.15363607
TEST_2641.ogg,0.049760792
TEST_2642.ogg,0.0015999518
TEST_2643.ogg,0.056115545
TEST_2644.ogg,0.5079373
TEST_2645.ogg,0.15890115
TEST_2646.ogg,0.055724185
TEST_2647.ogg,0.024281675
TEST_2648.ogg,0.23413585
TEST_2649.ogg,0.036843296
TEST_2650.ogg,0.05848314
TEST_2651.ogg,0.117553085
TEST_2652.ogg,0.04909958
TEST_2653.ogg,0.05675276
TEST_2654.ogg,0.07864036
TEST_2655.ogg,0.021399977
TEST_2656.ogg,0.055295594
TEST_2657.ogg,0.056362666
TEST_2658.ogg,0.026290445
TEST_2659.ogg,0.24218567
TEST_2660.ogg,0.08125256
TEST_2661.ogg,0.07936904
TEST_2662.ogg,0.07656257
TEST_2663.ogg,0.044434693
TEST_2664.ogg,0.03622143
TEST_2665.ogg,0.054595802
TEST_2666.ogg,0.13288239
TEST_2667.ogg,0.06980932
TEST_2668.ogg,0.024337279
TEST_2669.ogg,0.91802293
TEST_2670.ogg,0.4100104
TEST_2671.ogg,0.021975253
TEST_2672.ogg,0.017648406
TEST_2673.ogg,0.9763183
TEST_2674.ogg,0.11553721
TEST_2675.ogg,0.054717734
TEST_2676.ogg,0.26538873
TEST_2677.ogg,0.0919412
TEST_2678.ogg,0.07899628
TEST_2679.ogg,0.024170598
TEST_2680.ogg,0.104530156
TEST_2681.ogg,0.0037696376
TEST_2682.ogg,0.0949476
TEST_2683.ogg,0.031745538
TEST_2684.ogg,0.19071212
TEST_2685.ogg,0.1016355
TEST_2686.ogg,0.09534965
TEST_2687.ogg,0.030606728
TEST_2688.ogg,0.039867204
TEST_2689.ogg,0.98616207
